{
"lengthUnit": "mil",
"remark": [],
"components": {
	"fields": ["COMPONENT_NO", "COMPONENT_NAME", "LAYER", "X_COORDINATE", "Y_COORDINATE", "ANGLE"],
	"rows": [
		[1, "C6", "T", 0, -365.5, 0],
		[2, "C7", "B", -250, 200, 270],
		[3, "C8", "B", -170, 150, 90],
		[4, "C16", "B", 185, 225, 180],
		[5, "C17", "B", 130, 50, 180],
		[6, "C18", "B", 85, 100, 180],
		[7, "C19", "B", 245, -235, 270],
		[8, "H1", "B", 0, -521.6535, 180],
		[9, "LED1", "T", 240, -360, 180],
		[10, "LED2", "T", -240, -360, 0],
		[11, "R3", "B", 185, 175, 180],
		[12, "R8", "B", 180, -360, 90],
		[13, "R9", "B", -180, -360, 90],
		[14, "TP1", "T", -65, 225, 0],
		[15, "TP2", "T", 65, 225, 0],
		[16, "U1", "T", 0, -19.685, 0],
		[17, "U7", "B", 0, -55, 270],
		[18, "PAD1", "B", -250, 160.63, 0],
		[19, "PAD2", "B", -250, 239.37, 0],
		[20, "PAD3", "B", -170, 171.46, 0],
		[21, "PAD4", "B", -170, 128.54, 0],
		[22, "PAD5", "T", 62.7, -365.5, 0],
		[23, "PAD6", "T", -62.7, -365.5, 0],
		[24, "PAD7", "B", 167.96, 175, 0],
		[25, "PAD8", "B", 202.04, 175, 0],
		[26, "PAD9", "B", 163.54, 225, 0],
		[27, "PAD10", "B", 206.46, 225, 0],
		[28, "PAD11", "T", 208.525, -360.135, 0],
		[29, "PAD12", "T", 271.475, -359.865, 0],
		[30, "PAD13", "T", -208.525, -359.865, 0],
		[31, "PAD14", "T", -271.475, -360.135, 0],
		[32, "PAD15", "B", 180, -342.96, 0],
		[33, "PAD16", "B", 180, -377.04, 0],
		[34, "PAD17", "B", -180, -342.96, 0],
		[35, "PAD18", "B", -180, -377.04, 0],
		[36, "PAD19", "B", -38.39, 22.5, 0],
		[37, "PAD20", "B", -12.79, 22.5, 0],
		[38, "PAD21", "B", 12.8, 22.5, 0],
		[39, "PAD22", "B", 38.39, 22.5, 0],
		[40, "PAD23", "B", 77.5, -16.61, 0],
		[41, "PAD24", "B", 77.5, -42.21, 0],
		[42, "PAD25", "B", 77.5, -67.8, 0],
		[43, "PAD26", "B", 77.5, -93.39, 0],
		[44, "PAD27", "B", 38.39, -132.5, 0],
		[45, "PAD28", "B", 12.8, -132.5, 0],
		[46, "PAD29", "B", -12.79, -132.5, 0],
		[47, "PAD30", "B", -38.39, -132.5, 0],
		[48, "PAD31", "B", -77.5, -93.39, 0],
		[49, "PAD32", "B", -77.5, -67.8, 0],
		[50, "PAD33", "B", -77.5, -42.21, 0],
		[51, "PAD34", "B", -77.5, -16.61, 0],
		[52, "PAD35", "B", 0, -55, 0],
		[53, "PAD36", "B", 225, -521.6535, 0],
		[54, "PAD37", "B", 175, -521.6535, 0],
		[55, "PAD38", "B", 125, -521.6535, 0],
		[56, "PAD39", "B", 75, -521.6535, 0],
		[57, "PAD40", "B", 25, -521.6535, 0],
		[58, "PAD41", "B", -25, -521.6535, 0],
		[59, "PAD42", "B", -75, -521.6535, 0],
		[60, "PAD43", "B", -125, -521.6535, 0],
		[61, "PAD44", "B", -175, -521.6535, 0],
		[62, "PAD45", "B", -225, -521.6535, 0],
		[63, "PAD46", "T", 225, -521.6535, 0],
		[64, "PAD47", "T", 175, -521.6535, 0],
		[65, "PAD48", "T", 125, -521.6535, 0],
		[66, "PAD49", "T", 75, -521.6535, 0],
		[67, "PAD50", "T", 25, -521.6535, 0],
		[68, "PAD51", "T", -25, -521.6535, 0],
		[69, "PAD52", "T", -75, -521.6535, 0],
		[70, "PAD53", "T", -125, -521.6535, 0],
		[71, "PAD54", "T", -175, -521.6535, 0],
		[72, "PAD55", "T", -225, -521.6535, 0],
		[73, "PAD56", "B", 108.54, 50, 0],
		[74, "PAD57", "B", 151.46, 50, 0],
		[75, "PAD58", "B", 63.54, 100, 0],
		[76, "PAD59", "B", 106.46, 100, 0],
		[77, "PAD60", "B", 245, -297.7, 0],
		[78, "PAD61", "B", 245, -172.3, 0],
		[79, "PAD62", "T", -64.97, 45.275, 0],
		[80, "PAD63", "T", 275.59, 255.905, 0],
		[81, "PAD64", "T", 274.6, -295.275, 0],
		[82, "PAD65", "T", -275.59, -295.275, 0],
		[83, "PAD66", "T", -275.59, 255.905, 0],
		[84, "PAD67", "T", 33.46, -295.275, 0],
		[85, "PAD68", "T", -0.01, -295.275, 0],
		[86, "PAD69", "T", -100.4, -295.275, 0],
		[87, "PAD70", "T", 234.24, -295.275, 0],
		[88, "PAD71", "T", -167.32, 255.905, 0],
		[89, "PAD72", "T", -133.85, 255.905, 0],
		[90, "PAD73", "T", -100.39, 255.905, 0],
		[91, "PAD74", "T", -66.92, 255.905, 0],
		[92, "PAD75", "T", -33.46, 255.905, 0],
		[93, "PAD76", "T", 0, 255.905, 0],
		[94, "PAD77", "T", 33.47, 255.905, 0],
		[95, "PAD78", "T", 66.93, 255.905, 0],
		[96, "PAD79", "T", 100.39, 255.905, 0],
		[97, "PAD80", "T", 133.86, 255.905, 0],
		[98, "PAD81", "T", 167.33, 255.905, 0],
		[99, "PAD82", "T", 200.79, 255.905, 0],
		[100, "PAD83", "T", 234.25, 255.905, 0],
		[101, "PAD84", "T", -200.78, 255.905, 0],
		[102, "PAD85", "T", -234.25, 255.905, 0],
		[103, "PAD86", "T", 275.59, 147.625, 0],
		[104, "PAD87", "T", 275.59, 114.165, 0],
		[105, "PAD88", "T", 275.59, -19.695, 0],
		[106, "PAD89", "T", 275.59, -53.155, 0],
		[107, "PAD90", "T", 275.59, -86.615, 0],
		[108, "PAD91", "T", 275.59, -120.085, 0],
		[109, "PAD92", "T", 275.59, -220.475, 0],
		[110, "PAD93", "T", 275.59, -253.935, 0],
		[111, "PAD94", "T", 275.59, 214.555, 0],
		[112, "PAD95", "T", -275.59, 214.565, 0],
		[113, "PAD96", "T", -275.59, 181.105, 0],
		[114, "PAD97", "T", -275.59, 147.645, 0],
		[115, "PAD98", "T", -275.59, 114.175, 0],
		[116, "PAD99", "T", -275.59, 80.715, 0],
		[117, "PAD100", "T", -275.59, 13.785, 0],
		[118, "PAD101", "T", -275.59, -19.675, 0],
		[119, "PAD102", "T", -275.59, -53.145, 0],
		[120, "PAD103", "T", -275.59, -86.605, 0],
		[121, "PAD104", "T", 0, -84.655, 0],
		[122, "PAD105", "T", -64.97, -84.655, 0],
		[123, "PAD106", "T", 64.95, -84.655, 0],
		[124, "PAD107", "T", 0, 45.275, 0],
		[125, "PAD108", "T", 64.96, 45.275, 0],
		[126, "PAD109", "T", 64.96, -19.685, 0],
		[127, "PAD110", "T", -64.97, -19.685, 0],
		[128, "PAD111", "T", 0, -19.685, 0],
		[129, "TPJLC2", "B", 0, 225, 0]
	]
},
"pins": {
	"fields": ["PIN_NO", "PIN_NAME", "PIN_X", "PIN_Y", "LAYER", "PIN_TYPE", "NET_NAME", "NET_TYPE", "PAD_SHAPE", "PAD_SIZEX", "PAD_SIZEY", "HOLE_SIZE", "HOLE_LEN", "PAD_ANGLE"],
	"rows": [
		[1, "C6_1", -62.7, -365.5, "T", "SMD", "GND", "GND", "R", 58.465, 68.031, 0, 0, 0],
		[2, "C6_2", 62.7, -365.5, "T", "SMD", "+3V3", "", "R", 58.465, 68.031, 0, 0, 0],
		[3, "C7_1", -250, 239.37, "B", "SMD", "GND", "GND", "R", 55.512, 53.15, 0, 0, 270],
		[4, "C7_2", -250, 160.63, "B", "SMD", "+3V3", "", "R", 55.512, 53.15, 0, 0, 270],
		[5, "C8_1", -170, 128.54, "B", "SMD", "GND", "GND", "R", 31.106, 21.26, 0, 0, 90],
		[6, "C8_2", -170, 171.46, "B", "SMD", "+3V3", "", "R", 31.106, 21.26, 0, 0, 90],
		[7, "C16_1", 206.46, 225, "B", "SMD", "EN", "", "R", 31.106, 21.26, 0, 0, 180],
		[8, "C16_2", 163.54, 225, "B", "SMD", "GND", "GND", "R", 31.106, 21.26, 0, 0, 180],
		[9, "C17_1", 151.46, 50, "B", "SMD", "GND", "GND", "R", 31.106, 21.26, 0, 0, 180],
		[10, "C17_2", 108.54, 50, "B", "SMD", "+3V3", "", "R", 31.106, 21.26, 0, 0, 180],
		[11, "C18_1", 106.46, 100, "B", "SMD", "GND", "GND", "R", 31.106, 21.26, 0, 0, 180],
		[12, "C18_2", 63.54, 100, "B", "SMD", "+3V3", "", "R", 31.106, 21.26, 0, 0, 180],
		[13, "C19_1", 245, -172.3, "B", "SMD", "GND", "GND", "R", 58.465, 68.031, 0, 0, 270],
		[14, "C19_2", 245, -297.7, "B", "SMD", "+3V3", "", "R", 58.465, 68.031, 0, 0, 270],
		[15, "H1_1", 225, -521.6535, "B", "SMD", "VM1+", "", "R", 29.5276, 102.3622, 0, 0, 180],
		[16, "H1_2", 225, -521.6535, "T", "SMD", "VM1-", "", "R", 29.5276, 102.3622, 0, 0, 180],
		[17, "H1_3", 175, -521.6535, "B", "SMD", "VB+", "", "R", 29.5276, 102.3622, 0, 0, 180],
		[18, "H1_4", 175, -521.6535, "T", "SMD", "VB-", "", "R", 29.5276, 102.3622, 0, 0, 180],
		[19, "H1_5", 125, -521.6535, "B", "SMD", "M2B", "", "R", 29.5276, 102.3622, 0, 0, 180],
		[20, "H1_6", 125, -521.6535, "T", "SMD", "M1EA", "", "R", 29.5276, 102.3622, 0, 0, 180],
		[21, "H1_7", 75, -521.6535, "B", "SMD", "M2A", "", "R", 29.5276, 102.3622, 0, 0, 180],
		[22, "H1_8", 75, -521.6535, "T", "SMD", "M1EB", "", "R", 29.5276, 102.3622, 0, 0, 180],
		[23, "H1_9", 25, -521.6535, "B", "SMD", "D-", "", "R", 29.5276, 102.3622, 0, 0, 180],
		[24, "H1_10", 25, -521.6535, "T", "SMD", "+3V3", "", "R", 29.5276, 102.3622, 0, 0, 180],
		[25, "H1_11", -25, -521.6535, "B", "SMD", "D+", "", "R", 29.5276, 102.3622, 0, 0, 180],
		[26, "H1_12", -25, -521.6535, "T", "SMD", "GND", "GND", "R", 29.5276, 102.3622, 0, 0, 180],
		[27, "H1_13", -75, -521.6535, "B", "SMD", "M2EB", "", "R", 29.5276, 102.3622, 0, 0, 180],
		[28, "H1_14", -75, -521.6535, "T", "SMD", "M1A", "", "R", 29.5276, 102.3622, 0, 0, 180],
		[29, "H1_15", -125, -521.6535, "B", "SMD", "M2EA", "", "R", 29.5276, 102.3622, 0, 0, 180],
		[30, "H1_16", -125, -521.6535, "T", "SMD", "M1B", "", "R", 29.5276, 102.3622, 0, 0, 180],
		[31, "H1_17", -175, -521.6535, "B", "SMD", "GND", "GND", "R", 29.5276, 102.3622, 0, 0, 180],
		[32, "H1_18", -175, -521.6535, "T", "SMD", "GND", "GND", "R", 29.5276, 102.3622, 0, 0, 180],
		[33, "H1_19", -225, -521.6535, "B", "SMD", "VM2+", "", "R", 29.5276, 102.3622, 0, 0, 180],
		[34, "H1_20", -225, -521.6535, "T", "SMD", "VM2-", "", "R", 29.5276, 102.3622, 0, 0, 180],
		[35, "LED1_1", 271.475, -359.865, "T", "SMD", "GND", "GND", "R", 31.496, 31.496, 0, 0, 270],
		[36, "LED1_2", 208.525, -360.135, "T", "SMD", "$1N832", "", "R", 31.496, 31.496, 0, 0, 270],
		[37, "LED2_1", -271.475, -360.135, "T", "SMD", "GND", "GND", "R", 31.496, 31.496, 0, 0, 90],
		[38, "LED2_2", -208.525, -359.865, "T", "SMD", "$1N833", "", "R", 31.496, 31.496, 0, 0, 90],
		[39, "R3_1", 202.04, 175, "B", "SMD", "EN", "", "R", 22.27, 21.26, 0, 0, 180],
		[40, "R3_2", 167.96, 175, "B", "SMD", "+3V3", "", "R", 22.27, 21.26, 0, 0, 180],
		[41, "R8_1", 180, -377.04, "B", "SMD", "$1N832", "", "R", 22.27, 21.26, 0, 0, 90],
		[42, "R8_2", 180, -342.96, "B", "SMD", "+3V3", "", "R", 22.27, 21.26, 0, 0, 90],
		[43, "R9_1", -180, -377.04, "B", "SMD", "$1N833", "", "R", 22.27, 21.26, 0, 0, 90],
		[44, "R9_2", -180, -342.96, "B", "SMD", "LED", "", "R", 22.27, 21.26, 0, 0, 90],
		[45, "TP1_1", -65, 225, "B", "SMD", "BOOT", "", "C", 50, 50, 0, 0, 0],
		[46, "TP2_1", 65, 225, "B", "SMD", "EN", "", "C", 50, 50, 0, 0, 0],
		[47, "U1_1", -275.59, 214.565, "T", "SMD", "GND", "GND", "R", 15.748, 31.496, 0, 0, 90],
		[48, "U1_2", -275.59, 181.105, "T", "SMD", "GND", "GND", "R", 15.748, 31.496, 0, 0, 90],
		[49, "U1_3", -275.59, 147.645, "T", "SMD", "+3V3", "", "R", 15.748, 31.496, 0, 0, 90],
		[50, "U1_4", -275.59, 114.175, "T", "SMD", "BOOT", "", "R", 15.748, 31.496, 0, 0, 90],
		[51, "U1_5", -275.59, 80.715, "T", "SMD", "VBAT", "", "R", 15.748, 31.496, 0, 0, 90],
		[52, "U1_6", -275.59, 47.245, "T", "SMD", "NET_1", "", "R", 15.748, 31.496, 0, 0, 90],
		[53, "U1_7", -275.59, 13.785, "T", "SMD", "M1A", "", "R", 15.748, 31.496, 0, 0, 90],
		[54, "U1_8", -275.59, -19.675, "T", "SMD", "M1B", "", "R", 15.748, 31.496, 0, 0, 90],
		[55, "U1_9", -275.59, -53.145, "T", "SMD", "M1EA", "", "R", 15.748, 31.496, 0, 0, 90],
		[56, "U1_10", -275.59, -86.605, "T", "SMD", "M1EB", "", "R", 15.748, 31.496, 0, 0, 90],
		[57, "U1_11", -275.59, -120.065, "T", "SMD", "NET_2", "", "R", 15.748, 31.496, 0, 0, 90],
		[58, "U1_12", -275.59, -153.535, "T", "SMD", "NET_3", "", "R", 15.748, 31.496, 0, 0, 90],
		[59, "U1_13", -275.59, -186.995, "T", "SMD", "NET_4", "", "R", 15.748, 31.496, 0, 0, 90],
		[60, "U1_14", -275.59, -220.465, "T", "SMD", "NET_5", "", "R", 15.748, 31.496, 0, 0, 90],
		[61, "U1_15", -275.59, -253.925, "T", "SMD", "NET_6", "", "R", 15.748, 31.496, 0, 0, 90],
		[62, "U1_16", -234.26, -295.275, "T", "SMD", "NET_7", "", "R", 15.748, 31.496, 0, 0, 0],
		[63, "U1_17", -200.79, -295.275, "T", "SMD", "NET_8", "", "R", 15.748, 31.496, 0, 0, 0],
		[64, "U1_18", -167.33, -295.275, "T", "SMD", "NET_9", "", "R", 15.748, 31.496, 0, 0, 0],
		[65, "U1_19", -133.86, -295.275, "T", "SMD", "NET_10", "", "R", 15.748, 31.496, 0, 0, 0],
		[66, "U1_20", -100.4, -295.275, "T", "SMD", "LED", "", "R", 15.748, 31.496, 0, 0, 0],
		[67, "U1_21", -66.94, -295.275, "T", "SMD", "NET_11", "", "R", 15.748, 31.496, 0, 0, 0],
		[68, "U1_22", -33.47, -295.275, "T", "SMD", "NET_12", "", "R", 15.748, 31.496, 0, 0, 0],
		[69, "U1_23", -0.01, -295.275, "T", "SMD", "D-", "", "R", 15.748, 31.496, 0, 0, 0],
		[70, "U1_24", 33.46, -295.275, "T", "SMD", "D+", "", "R", 15.748, 31.496, 0, 0, 0],
		[71, "U1_25", 66.92, -295.275, "T", "SMD", "NET_13", "", "R", 15.748, 31.496, 0, 0, 0],
		[72, "U1_26", 100.38, -295.275, "T", "SMD", "NET_14", "", "R", 15.748, 31.496, 0, 0, 0],
		[73, "U1_27", 133.85, -295.275, "T", "SMD", "NET_15", "", "R", 15.748, 31.496, 0, 0, 0],
		[74, "U1_28", 167.31, -295.275, "T", "SMD", "NET_16", "", "R", 15.748, 31.496, 0, 0, 0],
		[75, "U1_29", 200.78, -295.275, "T", "SMD", "NET_17", "", "R", 15.748, 31.496, 0, 0, 0],
		[76, "U1_30", 234.24, -295.275, "T", "SMD", "GND", "GND", "R", 15.748, 31.496, 0, 0, 0],
		[77, "U1_31", 275.59, -253.935, "T", "SMD", "SDA", "", "R", 15.748, 31.496, 0, 0, 270],
		[78, "U1_32", 275.59, -220.475, "T", "SMD", "SCL", "", "R", 15.748, 31.496, 0, 0, 270],
		[79, "U1_33", 275.59, -187.015, "T", "SMD", "NET_18", "", "R", 15.748, 31.496, 0, 0, 270],
		[80, "U1_34", 275.59, -153.545, "T", "SMD", "NET_19", "", "R", 15.748, 31.496, 0, 0, 270],
		[81, "U1_35", 275.59, -120.085, "T", "SMD", "M2EA", "", "R", 15.748, 31.496, 0, 0, 270],
		[82, "U1_36", 275.59, -86.615, "T", "SMD", "M2EB", "", "R", 15.748, 31.496, 0, 0, 270],
		[83, "U1_37", 275.59, -53.155, "T", "SMD", "M2A", "", "R", 15.748, 31.496, 0, 0, 270],
		[84, "U1_38", 275.59, -19.695, "T", "SMD", "M2B", "", "R", 15.748, 31.496, 0, 0, 270],
		[85, "U1_39", 275.59, 13.775, "T", "SMD", "NET_20", "", "R", 15.748, 31.496, 0, 0, 270],
		[86, "U1_40", 275.59, 47.235, "T", "SMD", "NET_21", "", "R", 15.748, 31.496, 0, 0, 270],
		[87, "U1_41", 275.59, 80.695, "T", "SMD", "NET_22", "", "R", 15.748, 31.496, 0, 0, 270],
		[88, "U1_42", 275.59, 114.165, "T", "SMD", "GND", "GND", "R", 15.748, 31.496, 0, 0, 270],
		[89, "U1_43", 275.59, 147.625, "T", "SMD", "GND", "GND", "R", 15.748, 31.496, 0, 0, 270],
		[90, "U1_44", 275.59, 181.095, "T", "SMD", "NET_23", "", "R", 15.748, 31.496, 0, 0, 270],
		[91, "U1_45", 275.59, 214.555, "T", "SMD", "EN", "", "R", 15.748, 31.496, 0, 0, 270],
		[92, "U1_46", 234.25, 255.905, "T", "SMD", "GND", "GND", "R", 15.748, 31.496, 0, 0, 180],
		[93, "U1_47", 200.79, 255.905, "T", "SMD", "GND", "GND", "R", 15.748, 31.496, 0, 0, 180],
		[94, "U1_48", 167.33, 255.905, "T", "SMD", "GND", "GND", "R", 15.748, 31.496, 0, 0, 180],
		[95, "U1_49", 133.86, 255.905, "T", "SMD", "GND", "GND", "R", 15.748, 31.496, 0, 0, 180],
		[96, "U1_50", 100.39, 255.905, "T", "SMD", "GND", "GND", "R", 15.748, 31.496, 0, 0, 180],
		[97, "U1_51", 66.93, 255.905, "T", "SMD", "GND", "GND", "R", 15.748, 31.496, 0, 0, 180],
		[98, "U1_52", 33.47, 255.905, "T", "SMD", "GND", "GND", "R", 15.748, 31.496, 0, 0, 180],
		[99, "U1_53", 0, 255.905, "T", "SMD", "GND", "GND", "R", 15.748, 31.496, 0, 0, 180],
		[100, "U1_54", -33.46, 255.905, "T", "SMD", "GND", "GND", "R", 15.748, 31.496, 0, 0, 180],
		[101, "U1_55", -66.92, 255.905, "T", "SMD", "GND", "GND", "R", 15.748, 31.496, 0, 0, 180],
		[102, "U1_56", -100.39, 255.905, "T", "SMD", "GND", "GND", "R", 15.748, 31.496, 0, 0, 180],
		[103, "U1_57", -133.85, 255.905, "T", "SMD", "GND", "GND", "R", 15.748, 31.496, 0, 0, 180],
		[104, "U1_58", -167.32, 255.905, "T", "SMD", "GND", "GND", "R", 15.748, 31.496, 0, 0, 180],
		[105, "U1_59", -200.78, 255.905, "T", "SMD", "GND", "GND", "R", 15.748, 31.496, 0, 0, 180],
		[106, "U1_60", -234.25, 255.905, "T", "SMD", "GND", "GND", "R", 15.748, 31.496, 0, 0, 180],
		[107, "U1_61", -64.97, 45.275, "T", "SMD", "GND", "GND", "P", 47.244, 47.245, 0, 0, 0],
		[108, "U1_61", 0, -84.655, "T", "SMD", "GND", "GND", "R", 47.244, 47.244, 0, 0, 90],
		[109, "U1_61", -64.97, -84.655, "T", "SMD", "GND", "GND", "R", 47.244, 47.244, 0, 0, 90],
		[110, "U1_61", 64.95, -84.655, "T", "SMD", "GND", "GND", "R", 47.244, 47.244, 0, 0, 90],
		[111, "U1_61", 0, 45.275, "T", "SMD", "GND", "GND", "R", 47.244, 47.244, 0, 0, 90],
		[112, "U1_61", 64.96, 45.275, "T", "SMD", "GND", "GND", "R", 47.244, 47.244, 0, 0, 90],
		[113, "U1_61", 64.96, -19.685, "T", "SMD", "GND", "GND", "R", 47.244, 47.244, 0, 0, 90],
		[114, "U1_61", -64.97, -19.685, "T", "SMD", "GND", "GND", "R", 47.244, 47.244, 0, 0, 90],
		[115, "U1_61", 0, -19.685, "T", "SMD", "GND", "GND", "R", 47.244, 47.244, 0, 0, 90],
		[116, "U1_62", -275.59, 255.905, "T", "SMD", "GND", "GND", "R", 31.496, 31.496, 0, 0, 90],
		[117, "U1_63", -275.59, -295.275, "T", "SMD", "GND", "GND", "R", 31.496, 31.496, 0, 0, 90],
		[118, "U1_64", 274.6, -295.275, "T", "SMD", "GND", "GND", "R", 31.496, 33.465, 0, 0, 90],
		[119, "U1_65", 275.59, 255.905, "T", "SMD", "GND", "GND", "R", 31.496, 31.496, 0, 0, 90],
		[120, "U7_1", -38.39, 22.5, "B", "SMD", "VM1-", "", "O", 14.331, 42.795, 0, 0, 0],
		[121, "U7_2", -12.79, 22.5, "B", "SMD", "VM1+", "", "O", 14.331, 42.795, 0, 0, 0],
		[122, "U7_3", 12.8, 22.5, "B", "SMD", "GND", "GND", "O", 14.331, 42.795, 0, 0, 0],
		[123, "U7_4", 38.39, 22.5, "B", "SMD", "+3V3", "", "O", 14.331, 42.795, 0, 0, 0],
		[124, "U7_5", 77.5, -16.61, "B", "SMD", "GND", "GND", "O", 42.795, 14.331, 0, 0, 0],
		[125, "U7_6", 77.5, -42.21, "B", "SMD", "SCL", "", "O", 42.795, 14.331, 0, 0, 0],
		[126, "U7_7", 77.5, -67.8, "B", "SMD", "SDA", "", "O", 42.795, 14.331, 0, 0, 0],
		[127, "U7_8", 77.5, -93.39, "B", "SMD", "GND", "GND", "O", 42.795, 14.331, 0, 0, 0],
		[128, "U7_9", 38.39, -132.5, "B", "SMD", "GND", "GND", "O", 14.331, 42.795, 0, 0, 0],
		[129, "U7_10", 12.8, -132.5, "B", "SMD", "GND", "GND", "O", 14.331, 42.795, 0, 0, 0],
		[130, "U7_11", -12.79, -132.5, "B", "SMD", "VM2-", "", "O", 14.331, 42.795, 0, 0, 0],
		[131, "U7_12", -38.39, -132.5, "B", "SMD", "VM2+", "", "O", 14.331, 42.795, 0, 0, 0],
		[132, "U7_13", -77.5, -93.39, "B", "SMD", "GND", "GND", "O", 42.795, 14.331, 0, 0, 0],
		[133, "U7_14", -77.5, -67.8, "B", "SMD", "VB-", "", "O", 42.795, 14.331, 0, 0, 0],
		[134, "U7_15", -77.5, -42.21, "B", "SMD", "VB+", "", "O", 42.795, 14.331, 0, 0, 0],
		[135, "U7_16", -77.5, -16.61, "B", "SMD", "GND", "GND", "O", 42.795, 14.331, 0, 0, 0],
		[136, "U7_17", 0, -55, "B", "SMD", "GND", "GND", "R", 85.039, 85.039, 0, 0, 270],
		[137, "PAD1_2", -250, 160.63, "B", "SMD", "+3V3", "", "R", 55.512, 53.15, 0, 0, 270],
		[138, "PAD2_1", -250, 239.37, "B", "SMD", "GND", "GND", "R", 55.512, 53.15, 0, 0, 270],
		[139, "PAD3_2", -170, 171.46, "B", "SMD", "+3V3", "", "R", 31.106, 21.26, 0, 0, 90],
		[140, "PAD4_1", -170, 128.54, "B", "SMD", "GND", "GND", "R", 31.106, 21.26, 0, 0, 90],
		[141, "PAD5_2", 62.7, -365.5, "T", "SMD", "+3V3", "", "R", 58.465, 68.031, 0, 0, 0],
		[142, "PAD6_1", -62.7, -365.5, "T", "SMD", "GND", "GND", "R", 58.465, 68.031, 0, 0, 0],
		[143, "PAD7_2", 167.96, 175, "B", "SMD", "+3V3", "", "R", 22.27, 21.26, 0, 0, 180],
		[144, "PAD8_1", 202.04, 175, "B", "SMD", "EN", "", "R", 22.27, 21.26, 0, 0, 180],
		[145, "PAD9_2", 163.54, 225, "B", "SMD", "GND", "GND", "R", 31.106, 21.26, 0, 0, 180],
		[146, "PAD10_1", 206.46, 225, "B", "SMD", "EN", "", "R", 31.106, 21.26, 0, 0, 180],
		[147, "PAD11_2", 208.525, -360.135, "T", "SMD", "$1N832", "", "R", 31.496, 31.496, 0, 0, 270],
		[148, "PAD12_1", 271.475, -359.865, "T", "SMD", "GND", "GND", "R", 31.496, 31.496, 0, 0, 270],
		[149, "PAD13_2", -208.525, -359.865, "T", "SMD", "$1N833", "", "R", 31.496, 31.496, 0, 0, 90],
		[150, "PAD14_1", -271.475, -360.135, "T", "SMD", "GND", "GND", "R", 31.496, 31.496, 0, 0, 90],
		[151, "PAD15_2", 180, -342.96, "B", "SMD", "+3V3", "", "R", 22.27, 21.26, 0, 0, 90],
		[152, "PAD16_1", 180, -377.04, "B", "SMD", "$1N832", "", "R", 22.27, 21.26, 0, 0, 90],
		[153, "PAD17_2", -180, -342.96, "B", "SMD", "LED", "", "R", 22.27, 21.26, 0, 0, 90],
		[154, "PAD18_1", -180, -377.04, "B", "SMD", "$1N833", "", "R", 22.27, 21.26, 0, 0, 90],
		[155, "PAD19_1", -38.39, 22.5, "B", "SMD", "VM1-", "", "O", 14.331, 42.795, 0, 0, 0],
		[156, "PAD20_2", -12.79, 22.5, "B", "SMD", "VM1+", "", "O", 14.331, 42.795, 0, 0, 0],
		[157, "PAD21_3", 12.8, 22.5, "B", "SMD", "GND", "GND", "O", 14.331, 42.795, 0, 0, 0],
		[158, "PAD22_4", 38.39, 22.5, "B", "SMD", "+3V3", "", "O", 14.331, 42.795, 0, 0, 0],
		[159, "PAD23_5", 77.5, -16.61, "B", "SMD", "GND", "GND", "O", 42.795, 14.331, 0, 0, 0],
		[160, "PAD24_6", 77.5, -42.21, "B", "SMD", "SCL", "", "O", 42.795, 14.331, 0, 0, 0],
		[161, "PAD25_7", 77.5, -67.8, "B", "SMD", "SDA", "", "O", 42.795, 14.331, 0, 0, 0],
		[162, "PAD26_8", 77.5, -93.39, "B", "SMD", "GND", "GND", "O", 42.795, 14.331, 0, 0, 0],
		[163, "PAD27_9", 38.39, -132.5, "B", "SMD", "GND", "GND", "O", 14.331, 42.795, 0, 0, 0],
		[164, "PAD28_10", 12.8, -132.5, "B", "SMD", "GND", "GND", "O", 14.331, 42.795, 0, 0, 0],
		[165, "PAD29_11", -12.79, -132.5, "B", "SMD", "VM2-", "", "O", 14.331, 42.795, 0, 0, 0],
		[166, "PAD30_12", -38.39, -132.5, "B", "SMD", "VM2+", "", "O", 14.331, 42.795, 0, 0, 0],
		[167, "PAD31_13", -77.5, -93.39, "B", "SMD", "GND", "GND", "O", 42.795, 14.331, 0, 0, 0],
		[168, "PAD32_14", -77.5, -67.8, "B", "SMD", "VB-", "", "O", 42.795, 14.331, 0, 0, 0],
		[169, "PAD33_15", -77.5, -42.21, "B", "SMD", "VB+", "", "O", 42.795, 14.331, 0, 0, 0],
		[170, "PAD34_16", -77.5, -16.61, "B", "SMD", "GND", "GND", "O", 42.795, 14.331, 0, 0, 0],
		[171, "PAD35_17", 0, -55, "B", "SMD", "GND", "GND", "R", 85.039, 85.039, 0, 0, 270],
		[172, "PAD36_1", 225, -521.6535, "B", "SMD", "VM1+", "", "R", 29.5276, 102.3622, 0, 0, 180],
		[173, "PAD37_3", 175, -521.6535, "B", "SMD", "VB+", "", "R", 29.5276, 102.3622, 0, 0, 180],
		[174, "PAD38_5", 125, -521.6535, "B", "SMD", "M2B", "", "R", 29.5276, 102.3622, 0, 0, 180],
		[175, "PAD39_7", 75, -521.6535, "B", "SMD", "M2A", "", "R", 29.5276, 102.3622, 0, 0, 180],
		[176, "PAD40_9", 25, -521.6535, "B", "SMD", "D-", "", "R", 29.5276, 102.3622, 0, 0, 180],
		[177, "PAD41_11", -25, -521.6535, "B", "SMD", "D+", "", "R", 29.5276, 102.3622, 0, 0, 180],
		[178, "PAD42_13", -75, -521.6535, "B", "SMD", "M2EB", "", "R", 29.5276, 102.3622, 0, 0, 180],
		[179, "PAD43_15", -125, -521.6535, "B", "SMD", "M2EA", "", "R", 29.5276, 102.3622, 0, 0, 180],
		[180, "PAD44_17", -175, -521.6535, "B", "SMD", "GND", "GND", "R", 29.5276, 102.3622, 0, 0, 180],
		[181, "PAD45_19", -225, -521.6535, "B", "SMD", "VM2+", "", "R", 29.5276, 102.3622, 0, 0, 180],
		[182, "PAD46_2", 225, -521.6535, "T", "SMD", "VM1-", "", "R", 29.5276, 102.3622, 0, 0, 180],
		[183, "PAD47_4", 175, -521.6535, "T", "SMD", "VB-", "", "R", 29.5276, 102.3622, 0, 0, 180],
		[184, "PAD48_6", 125, -521.6535, "T", "SMD", "M1EA", "", "R", 29.5276, 102.3622, 0, 0, 180],
		[185, "PAD49_8", 75, -521.6535, "T", "SMD", "M1EB", "", "R", 29.5276, 102.3622, 0, 0, 180],
		[186, "PAD50_10", 25, -521.6535, "T", "SMD", "+3V3", "", "R", 29.5276, 102.3622, 0, 0, 180],
		[187, "PAD51_12", -25, -521.6535, "T", "SMD", "GND", "GND", "R", 29.5276, 102.3622, 0, 0, 180],
		[188, "PAD52_14", -75, -521.6535, "T", "SMD", "M1A", "", "R", 29.5276, 102.3622, 0, 0, 180],
		[189, "PAD53_16", -125, -521.6535, "T", "SMD", "M1B", "", "R", 29.5276, 102.3622, 0, 0, 180],
		[190, "PAD54_18", -175, -521.6535, "T", "SMD", "GND", "GND", "R", 29.5276, 102.3622, 0, 0, 180],
		[191, "PAD55_20", -225, -521.6535, "T", "SMD", "VM2-", "", "R", 29.5276, 102.3622, 0, 0, 180],
		[192, "PAD56_2", 108.54, 50, "B", "SMD", "+3V3", "", "R", 31.106, 21.26, 0, 0, 180],
		[193, "PAD57_1", 151.46, 50, "B", "SMD", "GND", "GND", "R", 31.106, 21.26, 0, 0, 180],
		[194, "PAD58_2", 63.54, 100, "B", "SMD", "+3V3", "", "R", 31.106, 21.26, 0, 0, 180],
		[195, "PAD59_1", 106.46, 100, "B", "SMD", "GND", "GND", "R", 31.106, 21.26, 0, 0, 180],
		[196, "PAD60_2", 245, -297.7, "B", "SMD", "+3V3", "", "R", 58.465, 68.031, 0, 0, 270],
		[197, "PAD61_1", 245, -172.3, "B", "SMD", "GND", "GND", "R", 58.465, 68.031, 0, 0, 270],
		[198, "PAD62_61", -64.97, 45.275, "T", "SMD", "GND", "GND", "P", 47.244, 47.245, 0, 0, 0],
		[199, "PAD63_65", 275.59, 255.905, "T", "SMD", "GND", "GND", "R", 31.496, 31.496, 0, 0, 90],
		[200, "PAD64_64", 274.6, -295.275, "T", "SMD", "GND", "GND", "R", 31.496, 33.465, 0, 0, 90],
		[201, "PAD65_63", -275.59, -295.275, "T", "SMD", "GND", "GND", "R", 31.496, 31.496, 0, 0, 90],
		[202, "PAD66_62", -275.59, 255.905, "T", "SMD", "GND", "GND", "R", 31.496, 31.496, 0, 0, 90],
		[203, "PAD67_24", 33.46, -295.275, "T", "SMD", "D+", "", "R", 15.748, 31.496, 0, 0, 0],
		[204, "PAD68_23", -0.01, -295.275, "T", "SMD", "D-", "", "R", 15.748, 31.496, 0, 0, 0],
		[205, "PAD69_20", -100.4, -295.275, "T", "SMD", "LED", "", "R", 15.748, 31.496, 0, 0, 0],
		[206, "PAD70_30", 234.24, -295.275, "T", "SMD", "GND", "GND", "R", 15.748, 31.496, 0, 0, 0],
		[207, "PAD71_58", -167.32, 255.905, "T", "SMD", "GND", "GND", "R", 15.748, 31.496, 0, 0, 180],
		[208, "PAD72_57", -133.85, 255.905, "T", "SMD", "GND", "GND", "R", 15.748, 31.496, 0, 0, 180],
		[209, "PAD73_56", -100.39, 255.905, "T", "SMD", "GND", "GND", "R", 15.748, 31.496, 0, 0, 180],
		[210, "PAD74_55", -66.92, 255.905, "T", "SMD", "GND", "GND", "R", 15.748, 31.496, 0, 0, 180],
		[211, "PAD75_54", -33.46, 255.905, "T", "SMD", "GND", "GND", "R", 15.748, 31.496, 0, 0, 180],
		[212, "PAD76_53", 0, 255.905, "T", "SMD", "GND", "GND", "R", 15.748, 31.496, 0, 0, 180],
		[213, "PAD77_52", 33.47, 255.905, "T", "SMD", "GND", "GND", "R", 15.748, 31.496, 0, 0, 180],
		[214, "PAD78_51", 66.93, 255.905, "T", "SMD", "GND", "GND", "R", 15.748, 31.496, 0, 0, 180],
		[215, "PAD79_50", 100.39, 255.905, "T", "SMD", "GND", "GND", "R", 15.748, 31.496, 0, 0, 180],
		[216, "PAD80_49", 133.86, 255.905, "T", "SMD", "GND", "GND", "R", 15.748, 31.496, 0, 0, 180],
		[217, "PAD81_48", 167.33, 255.905, "T", "SMD", "GND", "GND", "R", 15.748, 31.496, 0, 0, 180],
		[218, "PAD82_47", 200.79, 255.905, "T", "SMD", "GND", "GND", "R", 15.748, 31.496, 0, 0, 180],
		[219, "PAD83_46", 234.25, 255.905, "T", "SMD", "GND", "GND", "R", 15.748, 31.496, 0, 0, 180],
		[220, "PAD84_59", -200.78, 255.905, "T", "SMD", "GND", "GND", "R", 15.748, 31.496, 0, 0, 180],
		[221, "PAD85_60", -234.25, 255.905, "T", "SMD", "GND", "GND", "R", 15.748, 31.496, 0, 0, 180],
		[222, "PAD86_43", 275.59, 147.625, "T", "SMD", "GND", "GND", "R", 15.748, 31.496, 0, 0, 270],
		[223, "PAD87_42", 275.59, 114.165, "T", "SMD", "GND", "GND", "R", 15.748, 31.496, 0, 0, 270],
		[224, "PAD88_38", 275.59, -19.695, "T", "SMD", "M2B", "", "R", 15.748, 31.496, 0, 0, 270],
		[225, "PAD89_37", 275.59, -53.155, "T", "SMD", "M2A", "", "R", 15.748, 31.496, 0, 0, 270],
		[226, "PAD90_36", 275.59, -86.615, "T", "SMD", "M2EB", "", "R", 15.748, 31.496, 0, 0, 270],
		[227, "PAD91_35", 275.59, -120.085, "T", "SMD", "M2EA", "", "R", 15.748, 31.496, 0, 0, 270],
		[228, "PAD92_32", 275.59, -220.475, "T", "SMD", "SCL", "", "R", 15.748, 31.496, 0, 0, 270],
		[229, "PAD93_31", 275.59, -253.935, "T", "SMD", "SDA", "", "R", 15.748, 31.496, 0, 0, 270],
		[230, "PAD94_45", 275.59, 214.555, "T", "SMD", "EN", "", "R", 15.748, 31.496, 0, 0, 270],
		[231, "PAD95_1", -275.59, 214.565, "T", "SMD", "GND", "GND", "R", 15.748, 31.496, 0, 0, 90],
		[232, "PAD96_2", -275.59, 181.105, "T", "SMD", "GND", "GND", "R", 15.748, 31.496, 0, 0, 90],
		[233, "PAD97_3", -275.59, 147.645, "T", "SMD", "+3V3", "", "R", 15.748, 31.496, 0, 0, 90],
		[234, "PAD98_4", -275.59, 114.175, "T", "SMD", "BOOT", "", "R", 15.748, 31.496, 0, 0, 90],
		[235, "PAD99_5", -275.59, 80.715, "T", "SMD", "VBAT", "", "R", 15.748, 31.496, 0, 0, 90],
		[236, "PAD100_7", -275.59, 13.785, "T", "SMD", "M1A", "", "R", 15.748, 31.496, 0, 0, 90],
		[237, "PAD101_8", -275.59, -19.675, "T", "SMD", "M1B", "", "R", 15.748, 31.496, 0, 0, 90],
		[238, "PAD102_9", -275.59, -53.145, "T", "SMD", "M1EA", "", "R", 15.748, 31.496, 0, 0, 90],
		[239, "PAD103_10", -275.59, -86.605, "T", "SMD", "M1EB", "", "R", 15.748, 31.496, 0, 0, 90],
		[240, "PAD104_61", 0, -84.655, "T", "SMD", "GND", "GND", "R", 47.244, 47.244, 0, 0, 90],
		[241, "PAD105_61", -64.97, -84.655, "T", "SMD", "GND", "GND", "R", 47.244, 47.244, 0, 0, 90],
		[242, "PAD106_61", 64.95, -84.655, "T", "SMD", "GND", "GND", "R", 47.244, 47.244, 0, 0, 90],
		[243, "PAD107_61", 0, 45.275, "T", "SMD", "GND", "GND", "R", 47.244, 47.244, 0, 0, 90],
		[244, "PAD108_61", 64.96, 45.275, "T", "SMD", "GND", "GND", "R", 47.244, 47.244, 0, 0, 90],
		[245, "PAD109_61", 64.96, -19.685, "T", "SMD", "GND", "GND", "R", 47.244, 47.244, 0, 0, 90],
		[246, "PAD110_61", -64.97, -19.685, "T", "SMD", "GND", "GND", "R", 47.244, 47.244, 0, 0, 90],
		[247, "PAD111_61", 0, -19.685, "T", "SMD", "GND", "GND", "R", 47.244, 47.244, 0, 0, 90],
		[248, "TPJLC2_TP1", 0, 225, "B", "TP", "GND", "GND", "C", 50, 50, 0, 0, 0],
		[249, "TPJLC2_1", -65, 225, "B", "TP", "BOOT", "", "C", 50, 50, 0, 0, 0],
		[250, "TPJLC2_1", 65, 225, "B", "TP", "EN", "", "C", 50, 50, 0, 0, 0]
	]
}
}