{
"lengthUnit": "mil",
"remark": [],
"components": {
	"fields": ["COMPONENT_NO", "COMPONENT_NAME", "LAYER", "X_COORDINATE", "Y_COORDINATE", "ANGLE"],
	"rows": [
		[1, "C1", "T", 0, 115, 270],
		[2, "C2", "T", 0, -85, 180],
		[3, "R1", "T", 110, -85, 180],
		[4, "R2", "T", -110, -85, 0],
		[5, "U1", "T", 95, 90, 45],
		[6, "U2", "T", -95, 90, 135],
		[7, "U3", "B", 0, -246.063, 0],
		[8, "PAD1", "T", -157.4803, 0, 0],
		[9, "PAD1", "B", -157.4803, 0, 0],
		[10, "PAD2", "T", 157.4803, 0, 0],
		[11, "PAD2", "B", 157.4803, 0, 0],
		[12, "PAD3", "T", -92.96, -85, 0],
		[13, "PAD4", "T", -127.04, -85, 0],
		[14, "PAD5", "T", -96.393, 144.2846, 0],
		[15, "PAD6", "T", -149.2846, 91.393, 0],
		[16, "PAD7", "T", -67.1612, 62.1612, 0],
		[17, "PAD8", "T", 0, 93.54, 0],
		[18, "PAD9", "T", 0, 136.46, 0],
		[19, "PAD10", "T", -21.46, -85, 0],
		[20, "PAD11", "T", 21.46, -85, 0],
		[21, "PAD12", "T", 149.2846, 91.393, 0],
		[22, "PAD13", "T", 96.393, 144.2846, 0],
		[23, "PAD14", "T", 67.1612, 62.1612, 0],
		[24, "PAD15", "T", 92.96, -85, 0],
		[25, "PAD16", "T", 127.04, -85, 0],
		[26, "PAD17", "T", 25, -246.063, 0],
		[27, "PAD17", "B", 25, -246.063, 0],
		[28, "PAD18", "T", -125, -246.063, 0],
		[29, "PAD18", "B", -125, -246.063, 0],
		[30, "PAD19", "T", -75, -246.063, 0],
		[31, "PAD19", "B", -75, -246.063, 0],
		[32, "PAD20", "T", -25, -246.063, 0],
		[33, "PAD20", "B", -25, -246.063, 0],
		[34, "PAD21", "T", 75, -246.063, 0],
		[35, "PAD21", "B", 75, -246.063, 0],
		[36, "PAD22", "T", 125, -246.063, 0],
		[37, "PAD22", "B", 125, -246.063, 0]
	]
},
"pins": {
	"fields": ["PIN_NO", "PIN_NAME", "PIN_X", "PIN_Y", "LAYER", "PIN_TYPE", "NET_NAME", "NET_TYPE", "PAD_SHAPE", "PAD_SIZEX", "PAD_SIZEY", "HOLE_SIZE", "HOLE_LEN", "PAD_ANGLE"],
	"rows": [
		[1, "C1_1", 0, 136.46, "T", "SMD", "VCC", "", "R", 31.106, 21.26, 0, 0, 270],
		[2, "C1_2", 0, 93.54, "T", "SMD", "GND", "GND", "R", 31.106, 21.26, 0, 0, 270],
		[3, "C2_1", 21.46, -85, "T", "SMD", "M1", "", "R", 31.106, 21.26, 0, 0, 180],
		[4, "C2_2", -21.46, -85, "T", "SMD", "M2", "", "R", 31.106, 21.26, 0, 0, 180],
		[5, "R1_1", 127.04, -85, "T", "SMD", "VCC", "", "R", 22.27, 21.26, 0, 0, 180],
		[6, "R1_2", 92.96, -85, "T", "SMD", "A", "", "R", 22.27, 21.26, 0, 0, 180],
		[7, "R2_1", -127.04, -85, "T", "SMD", "VCC", "", "R", 22.27, 21.26, 0, 0, 0],
		[8, "R2_2", -92.96, -85, "T", "SMD", "B", "", "R", 22.27, 21.26, 0, 0, 0],
		[9, "U1_1", 149.2846, 91.393, "T", "SMD", "VCC", "", "R", 49.213, 27.559, 0, 0, 45],
		[10, "U1_2", 96.393, 144.2846, "T", "SMD", "A", "", "R", 49.213, 27.559, 0, 0, 45],
		[11, "U1_3", 67.1612, 62.1612, "T", "SMD", "GND", "GND", "R", 49.213, 27.559, 0, 0, 45],
		[12, "U2_1", -96.393, 144.2846, "T", "SMD", "VCC", "", "R", 49.213, 27.559, 0, 0, 135],
		[13, "U2_2", -149.2846, 91.393, "T", "SMD", "B", "", "R", 49.213, 27.559, 0, 0, 135],
		[14, "U2_3", -67.1612, 62.1612, "T", "SMD", "GND", "GND", "R", 49.213, 27.559, 0, 0, 135],
		[15, "U3_1", -125, -246.063, "T", "DIP", "GND", "GND", "R", 39.37, 39.37, 27.56, 27.56, 0],
		[16, "U3_1", -125, -246.063, "B", "DIP", "GND", "GND", "R", 39.37, 39.37, 27.56, 27.56, 0],
		[17, "U3_2", -75, -246.063, "T", "DIP", "VCC", "", "C", 39.37, 39.37, 27.56, 27.56, 0],
		[18, "U3_2", -75, -246.063, "B", "DIP", "VCC", "", "C", 39.37, 39.37, 27.56, 27.56, 0],
		[19, "U3_3", -25, -246.063, "T", "DIP", "M2", "", "C", 39.37, 39.37, 27.56, 27.56, 0],
		[20, "U3_3", -25, -246.063, "B", "DIP", "M2", "", "C", 39.37, 39.37, 27.56, 27.56, 0],
		[21, "U3_4", 25, -246.063, "T", "DIP", "M1", "", "C", 39.37, 39.37, 27.56, 27.56, 0],
		[22, "U3_4", 25, -246.063, "B", "DIP", "M1", "", "C", 39.37, 39.37, 27.56, 27.56, 0],
		[23, "U3_5", 75, -246.063, "T", "DIP", "B", "", "C", 39.37, 39.37, 27.56, 27.56, 0],
		[24, "U3_5", 75, -246.063, "B", "DIP", "B", "", "C", 39.37, 39.37, 27.56, 27.56, 0],
		[25, "U3_6", 125, -246.063, "T", "DIP", "A", "", "C", 39.37, 39.37, 27.56, 27.56, 0],
		[26, "U3_6", 125, -246.063, "B", "DIP", "A", "", "C", 39.37, 39.37, 27.56, 27.56, 0],
		[27, "PAD1_1", -157.4803, 0, "T", "DIP", "M2", "", "O", 61.0236, 98.4252, 31.4961, 62.9921, 0],
		[28, "PAD1_1", -157.4803, 0, "B", "DIP", "M2", "", "O", 61.0236, 98.4252, 31.4961, 62.9921, 0],
		[29, "PAD2_1", 157.4803, 0, "T", "DIP", "M1", "", "O", 61.0236, 98.4252, 31.4961, 62.9921, 0],
		[30, "PAD2_1", 157.4803, 0, "B", "DIP", "M1", "", "O", 61.0236, 98.4252, 31.4961, 62.9921, 0],
		[31, "PAD3_2", -92.96, -85, "T", "SMD", "B", "", "R", 22.27, 21.26, 0, 0, 0],
		[32, "PAD4_1", -127.04, -85, "T", "SMD", "VCC", "", "R", 22.27, 21.26, 0, 0, 0],
		[33, "PAD5_1", -96.393, 144.2846, "T", "SMD", "VCC", "", "R", 49.213, 27.559, 0, 0, 135],
		[34, "PAD6_2", -149.2846, 91.393, "T", "SMD", "B", "", "R", 49.213, 27.559, 0, 0, 135],
		[35, "PAD7_3", -67.1612, 62.1612, "T", "SMD", "GND", "GND", "R", 49.213, 27.559, 0, 0, 135],
		[36, "PAD8_2", 0, 93.54, "T", "SMD", "GND", "GND", "R", 31.106, 21.26, 0, 0, 270],
		[37, "PAD9_1", 0, 136.46, "T", "SMD", "VCC", "", "R", 31.106, 21.26, 0, 0, 270],
		[38, "PAD10_2", -21.46, -85, "T", "SMD", "M2", "", "R", 31.106, 21.26, 0, 0, 180],
		[39, "PAD11_1", 21.46, -85, "T", "SMD", "M1", "", "R", 31.106, 21.26, 0, 0, 180],
		[40, "PAD12_1", 149.2846, 91.393, "T", "SMD", "VCC", "", "R", 49.213, 27.559, 0, 0, 45],
		[41, "PAD13_2", 96.393, 144.2846, "T", "SMD", "A", "", "R", 49.213, 27.559, 0, 0, 45],
		[42, "PAD14_3", 67.1612, 62.1612, "T", "SMD", "GND", "GND", "R", 49.213, 27.559, 0, 0, 45],
		[43, "PAD15_2", 92.96, -85, "T", "SMD", "A", "", "R", 22.27, 21.26, 0, 0, 180],
		[44, "PAD16_1", 127.04, -85, "T", "SMD", "VCC", "", "R", 22.27, 21.26, 0, 0, 180],
		[45, "PAD17_4", 25, -246.063, "T", "DIP", "M1", "", "C", 39.37, 39.37, 27.56, 27.56, 0],
		[46, "PAD17_4", 25, -246.063, "B", "DIP", "M1", "", "C", 39.37, 39.37, 27.56, 27.56, 0],
		[47, "PAD18_1", -125, -246.063, "T", "DIP", "GND", "GND", "R", 39.37, 39.37, 27.56, 27.56, 0],
		[48, "PAD18_1", -125, -246.063, "B", "DIP", "GND", "GND", "R", 39.37, 39.37, 27.56, 27.56, 0],
		[49, "PAD19_2", -75, -246.063, "T", "DIP", "VCC", "", "C", 39.37, 39.37, 27.56, 27.56, 0],
		[50, "PAD19_2", -75, -246.063, "B", "DIP", "VCC", "", "C", 39.37, 39.37, 27.56, 27.56, 0],
		[51, "PAD20_3", -25, -246.063, "T", "DIP", "M2", "", "C", 39.37, 39.37, 27.56, 27.56, 0],
		[52, "PAD20_3", -25, -246.063, "B", "DIP", "M2", "", "C", 39.37, 39.37, 27.56, 27.56, 0],
		[53, "PAD21_5", 75, -246.063, "T", "DIP", "B", "", "C", 39.37, 39.37, 27.56, 27.56, 0],
		[54, "PAD21_5", 75, -246.063, "B", "DIP", "B", "", "C", 39.37, 39.37, 27.56, 27.56, 0],
		[55, "PAD22_6", 125, -246.063, "T", "DIP", "A", "", "C", 39.37, 39.37, 27.56, 27.56, 0],
		[56, "PAD22_6", 125, -246.063, "B", "DIP", "A", "", "C", 39.37, 39.37, 27.56, 27.56, 0]
	]
}
}