{
"lengthUnit": "mil",
"remark": [],
"components": {
	"fields": ["COMPONENT_NO", "COMPONENT_NAME", "LAYER", "X_COORDINATE", "Y_COORDINATE", "ANGLE"],
	"rows": [
		[1, "C1", "T", 435, -275, 0],
		[2, "C2", "T", -650, -315, 270],
		[3, "C3", "T", -265.2, -159.9, 180],
		[4, "C9", "T", 50, 30, 0],
		[5, "C10", "T", -50, -30, 180],
		[6, "C17", "T", 330, 0, 0],
		[7, "C18", "T", -330, 0, 180],
		[8, "C19", "T", -435, -275, 180],
		[9, "C29", "T", 665, -210, 270],
		[10, "C31", "T", -331.455, 304.6815, 180],
		[11, "C35", "T", -555, -40, 90],
		[12, "C38", "T", -650, 235, 270],
		[13, "C39", "T", -390, 550, 180],
		[14, "C40", "T", 390, 550, 0],
		[15, "C41", "T", 513.545, 304.6815, 180],
		[16, "C42", "T", 555, -40, 90],
		[17, "C43", "T", 650, 235, 270],
		[18, "C44", "T", 610, -400, 270],
		[19, "C45", "T", -510.9, -464.1, 90],
		[20, "CN2", "T", 0, 150.5906, 0],
		[21, "CN3", "T", 0, -150.5906, 180],
		[22, "D4", "T", -481.455, 204.6815, 180],
		[23, "D5", "T", 388.545, 204.6815, 180],
		[24, "D6", "T", -280.8, -397.8, 270],
		[25, "H3", "T", 0, 690, 0],
		[26, "L2", "T", -506.455, 389.6815, 270],
		[27, "L3", "T", 338.545, 389.6815, 270],
		[28, "Q1", "T", 425, -540, 90],
		[29, "R12", "T", -303.1498, -535.2113, 180],
		[30, "R15", "T", -303.1498, -487.9672, 0],
		[31, "R17", "T", -545, 95, 180],
		[32, "R21", "T", -650, 140, 90],
		[33, "R22", "T", -700, 140, 90],
		[34, "R23", "T", -295, 235, 0],
		[35, "R24", "T", -295, 185, 0],
		[36, "R25", "T", 575, 235, 0],
		[37, "R26", "T", 575, 185, 0],
		[38, "R27", "T", 545, 95, 0],
		[39, "R28", "T", 650, 140, 90],
		[40, "R29", "T", 700, 140, 90],
		[41, "R30", "T", 540, -445, 0],
		[42, "R31", "T", 520, -520, 90],
		[43, "R32", "T", 310, -515, 270],
		[44, "R33", "T", -491.4, -93.6, 90],
		[45, "R34", "T", -600.6, -347.1, 270],
		[46, "U1", "T", -665, -175, 270],
		[47, "U4", "T", -50, 51.1811, 270],
		[48, "U5", "T", 50, -51.1811, 90],
		[49, "U8", "T", -341.455, 414.6815, 0],
		[50, "U9", "T", 503.545, 414.6815, 0],
		[51, "U10", "B", 0, 0, 180],
		[52, "U13", "T", -417.3231, -480.3152, 90],
		[53, "PAD1", "T", -135, -635, 0],
		[54, "PAD2", "T", 135, -635, 0],
		[55, "PAD3", "T", 0, -635, 0],
		[56, "PAD4", "T", -710.42, -137.6, 0],
		[57, "PAD5", "T", -710.42, -175, 0],
		[58, "PAD6", "T", -710.42, -212.4, 0],
		[59, "PAD7", "T", -619.58, -137.6, 0],
		[60, "PAD8", "T", -20.47, 88.5811, 0],
		[61, "PAD9", "T", -40.16, 88.5811, 0],
		[62, "PAD10", "T", -59.84, 88.5811, 0],
		[63, "PAD11", "T", -79.53, 88.5811, 0],
		[64, "PAD12", "T", -79.53, 13.7811, 0],
		[65, "PAD13", "T", -59.84, 13.7811, 0],
		[66, "PAD14", "T", -40.16, 13.7811, 0],
		[67, "PAD15", "T", -20.47, 13.7811, 0],
		[68, "PAD16", "T", -50, 51.1811, 0],
		[69, "PAD17", "T", 20.47, -88.5811, 0],
		[70, "PAD18", "T", 40.16, -88.5811, 0],
		[71, "PAD19", "T", 59.84, -88.5811, 0],
		[72, "PAD20", "T", 79.53, -88.5811, 0],
		[73, "PAD21", "T", 79.53, -13.7811, 0],
		[74, "PAD22", "T", 59.84, -13.7811, 0],
		[75, "PAD23", "T", 40.16, -13.7811, 0],
		[76, "PAD24", "T", 20.47, -13.7811, 0],
		[77, "PAD25", "T", 50, -51.1811, 0],
		[78, "PAD26", "T", -650, -336.46, 0],
		[79, "PAD27", "T", -650, -293.54, 0],
		[80, "PAD28", "T", -286.66, -159.9, 0],
		[81, "PAD29", "T", -243.74, -159.9, 0],
		[82, "PAD30", "T", 71.46, 30, 0],
		[83, "PAD31", "T", 28.54, 30, 0],
		[84, "PAD32", "T", -71.46, -30, 0],
		[85, "PAD33", "T", -28.54, -30, 0],
		[86, "PAD34", "T", 329.88, -275, 0],
		[87, "PAD35", "T", 540.12, -275, 0],
		[88, "PAD36", "T", 224.88, 0, 0],
		[89, "PAD37", "T", 435.12, 0, 0],
		[90, "PAD38", "T", -224.88, 0, 0],
		[91, "PAD39", "T", -435.12, 0, 0],
		[92, "PAD40", "T", -329.88, -275, 0],
		[93, "PAD41", "T", -540.12, -275, 0],
		[94, "PAD42", "T", 665, -272.7, 0],
		[95, "PAD43", "T", 665, -147.3, 0],
		[96, "PAD44", "T", 387.598, -494.724, 0],
		[97, "PAD45", "T", 424.998, -585.276, 0],
		[98, "PAD46", "T", 462.402, -494.724, 0],
		[99, "PAD47", "T", -429.37, 550, 0],
		[100, "PAD48", "T", -350.63, 550, 0],
		[101, "PAD49", "T", -277.96, 235, 0],
		[102, "PAD50", "T", -312.04, 235, 0],
		[103, "PAD51", "T", -277.96, 185, 0],
		[104, "PAD52", "T", -312.04, 185, 0],
		[105, "PAD53", "T", -584.37, 95, 0],
		[106, "PAD54", "T", -505.63, 95, 0],
		[107, "PAD55", "T", -370.825, 304.6815, 0],
		[108, "PAD56", "T", -292.085, 304.6815, 0],
		[109, "PAD57", "T", -555, -0.63, 0],
		[110, "PAD58", "T", -555, -79.37, 0],
		[111, "PAD59", "T", -650, 213.54, 0],
		[112, "PAD60", "T", -650, 256.46, 0],
		[113, "PAD61", "T", 429.37, 550, 0],
		[114, "PAD62", "T", 350.63, 550, 0],
		[115, "PAD63", "T", 592.04, 235, 0],
		[116, "PAD64", "T", 557.96, 235, 0],
		[117, "PAD65", "T", 592.04, 185, 0],
		[118, "PAD66", "T", 557.96, 185, 0],
		[119, "PAD67", "T", 584.37, 95, 0],
		[120, "PAD68", "T", 505.63, 95, 0],
		[121, "PAD69", "T", 474.175, 304.6815, 0],
		[122, "PAD70", "T", 552.915, 304.6815, 0],
		[123, "PAD71", "T", 555, -0.63, 0],
		[124, "PAD72", "T", 555, -79.37, 0],
		[125, "PAD73", "T", 650, 213.54, 0],
		[126, "PAD74", "T", 650, 256.46, 0],
		[127, "PAD75", "T", -75, 690, 0],
		[128, "PAD75", "B", -75, 690, 0],
		[129, "PAD76", "T", -25, 690, 0],
		[130, "PAD76", "B", -25, 690, 0],
		[131, "PAD77", "T", 25, 690, 0],
		[132, "PAD77", "B", 25, 690, 0],
		[133, "PAD78", "T", 75, 690, 0],
		[134, "PAD78", "B", 75, 690, 0],
		[135, "PAD79", "T", 610, -421.46, 0],
		[136, "PAD80", "T", 610, -378.54, 0],
		[137, "PAD81", "T", 310, -573.22, 0],
		[138, "PAD82", "T", 310, -456.78, 0],
		[139, "PAD83", "T", 25, 150.5906, 0],
		[140, "PAD83", "B", 25, 150.5906, 0],
		[141, "PAD84", "T", -125, 150.5906, 0],
		[142, "PAD84", "B", -125, 150.5906, 0],
		[143, "PAD85", "T", -75, 150.5906, 0],
		[144, "PAD85", "B", -75, 150.5906, 0],
		[145, "PAD86", "T", -25, 150.5906, 0],
		[146, "PAD86", "B", -25, 150.5906, 0],
		[147, "PAD87", "T", 75, 150.5906, 0],
		[148, "PAD87", "B", 75, 150.5906, 0],
		[149, "PAD88", "T", 125, 150.5906, 0],
		[150, "PAD88", "B", 125, 150.5906, 0],
		[151, "PAD89", "T", -25, -150.5906, 0],
		[152, "PAD89", "B", -25, -150.5906, 0],
		[153, "PAD90", "T", 125, -150.5906, 0],
		[154, "PAD90", "B", 125, -150.5906, 0],
		[155, "PAD91", "T", 75, -150.5906, 0],
		[156, "PAD91", "B", 75, -150.5906, 0],
		[157, "PAD92", "T", 25, -150.5906, 0],
		[158, "PAD92", "B", 25, -150.5906, 0],
		[159, "PAD93", "T", -75, -150.5906, 0],
		[160, "PAD93", "B", -75, -150.5906, 0],
		[161, "PAD94", "T", -125, -150.5906, 0],
		[162, "PAD94", "B", -125, -150.5906, 0],
		[163, "PAD95", "B", -225, 77.76, 0],
		[164, "PAD96", "B", -225, -77.76, 0],
		[165, "PAD97", "B", -175, 77.76, 0],
		[166, "PAD98", "B", -175, -77.76, 0],
		[167, "PAD99", "B", -125, 77.76, 0],
		[168, "PAD100", "B", -125, -77.76, 0],
		[169, "PAD101", "B", -75, 77.76, 0],
		[170, "PAD102", "B", -75, -77.76, 0],
		[171, "PAD103", "B", -25, 77.76, 0],
		[172, "PAD104", "B", -25, -77.76, 0],
		[173, "PAD105", "B", 25, 77.76, 0],
		[174, "PAD106", "B", 25, -77.76, 0],
		[175, "PAD107", "B", 75, 77.76, 0],
		[176, "PAD108", "B", 75, -77.76, 0],
		[177, "PAD109", "B", 125, 77.76, 0],
		[178, "PAD110", "B", 125, -77.76, 0],
		[179, "PAD111", "B", 175, 77.76, 0],
		[180, "PAD112", "B", 175, -77.76, 0],
		[181, "PAD113", "B", 225, 77.76, 0],
		[182, "PAD114", "B", 225, -77.76, 0],
		[183, "PAD115", "T", -378.855, 369.6015, 0],
		[184, "PAD116", "T", -341.455, 369.6015, 0],
		[185, "PAD117", "T", -304.055, 369.6015, 0],
		[186, "PAD118", "T", -304.055, 459.7615, 0],
		[187, "PAD119", "T", -341.455, 459.7615, 0],
		[188, "PAD120", "T", 466.145, 369.6015, 0],
		[189, "PAD121", "T", 503.545, 369.6015, 0],
		[190, "PAD122", "T", 540.945, 369.6015, 0],
		[191, "PAD123", "T", 540.945, 459.7615, 0],
		[192, "PAD124", "T", 503.545, 459.7615, 0],
		[193, "PAD125", "T", -491.4, -76.56, 0],
		[194, "PAD126", "T", -491.4, -110.64, 0],
		[195, "PAD127", "T", -600.6, -364.14, 0],
		[196, "PAD128", "T", -600.6, -330.06, 0],
		[197, "PAD129", "T", -580.025, 204.6815, 0],
		[198, "PAD130", "T", -382.885, 204.6815, 0],
		[199, "PAD131", "T", 289.975, 204.6815, 0],
		[200, "PAD132", "T", 487.115, 204.6815, 0],
		[201, "PAD133", "T", -650, 157.04, 0],
		[202, "PAD134", "T", -650, 122.96, 0],
		[203, "PAD135", "T", -700, 157.04, 0],
		[204, "PAD136", "T", -700, 122.96, 0],
		[205, "PAD137", "T", 650, 157.04, 0],
		[206, "PAD138", "T", 650, 122.96, 0],
		[207, "PAD139", "T", 700, 157.04, 0],
		[208, "PAD140", "T", 700, 122.96, 0],
		[209, "PAD141", "T", 557.04, -445, 0],
		[210, "PAD142", "T", 522.96, -445, 0],
		[211, "PAD143", "T", 520, -502.96, 0],
		[212, "PAD144", "T", 520, -537.04, 0],
		[213, "PAD145", "T", -506.455, 460.5475, 0],
		[214, "PAD146", "T", -506.455, 318.8155, 0],
		[215, "PAD147", "T", 338.545, 460.5475, 0],
		[216, "PAD148", "T", 338.545, 318.8155, 0],
		[217, "PAD149", "T", -280.8, -443.965, 0],
		[218, "PAD150", "T", -280.8, -351.635, 0],
		[219, "PAD151", "T", -320.1898, -535.2113, 0],
		[220, "PAD152", "T", -286.1098, -535.2113, 0],
		[221, "PAD153", "T", -286.1098, -487.9672, 0],
		[222, "PAD154", "T", -320.1898, -487.9672, 0],
		[223, "PAD155", "T", -372.0831, -480.3152, 0],
		[224, "PAD156", "T", -372.0831, -442.9152, 0],
		[225, "PAD157", "T", -462.5631, -442.9152, 0],
		[226, "PAD158", "T", -462.5631, -480.3152, 0],
		[227, "PAD159", "T", -462.5631, -517.7152, 0],
		[228, "PAD160", "T", -510.9, -442.64, 0],
		[229, "PAD161", "T", -510.9, -485.56, 0]
	]
},
"pins": {
	"fields": ["PIN_NO", "PIN_NAME", "PIN_X", "PIN_Y", "LAYER", "PIN_TYPE", "NET_NAME", "NET_TYPE", "PAD_SHAPE", "PAD_SIZEX", "PAD_SIZEY", "HOLE_SIZE", "HOLE_LEN", "PAD_ANGLE"],
	"rows": [
		[1, "C1_1", 329.88, -275, "T", "SMD", "VPOW", "", "R", 137.795, 47.244, 0, 0, 0],
		[2, "C1_2", 540.12, -275, "T", "SMD", "GND", "GND", "R", 137.795, 47.244, 0, 0, 0],
		[3, "C2_1", -650, -293.54, "T", "SMD", "VCC", "", "R", 31.106, 21.26, 0, 0, 270],
		[4, "C2_2", -650, -336.46, "T", "SMD", "GND", "GND", "R", 31.106, 21.26, 0, 0, 270],
		[5, "C3_1", -243.74, -159.9, "T", "SMD", "+3V3", "", "R", 31.106, 21.26, 0, 0, 180],
		[6, "C3_2", -286.66, -159.9, "T", "SMD", "GND", "GND", "R", 31.106, 21.26, 0, 0, 180],
		[7, "C9_1", 28.54, 30, "T", "SMD", "+3V3", "", "R", 31.106, 21.26, 0, 0, 0],
		[8, "C9_2", 71.46, 30, "T", "SMD", "GND", "GND", "R", 31.106, 21.26, 0, 0, 0],
		[9, "C10_1", -28.54, -30, "T", "SMD", "+3V3", "", "R", 31.106, 21.26, 0, 0, 180],
		[10, "C10_2", -71.46, -30, "T", "SMD", "GND", "GND", "R", 31.106, 21.26, 0, 0, 180],
		[11, "C17_1", 224.88, 0, "T", "SMD", "+VM1", "", "R", 137.795, 47.244, 0, 0, 0],
		[12, "C17_2", 435.12, 0, "T", "SMD", "GND", "GND", "R", 137.795, 47.244, 0, 0, 0],
		[13, "C18_1", -224.88, 0, "T", "SMD", "+VM2", "", "R", 137.795, 47.244, 0, 0, 180],
		[14, "C18_2", -435.12, 0, "T", "SMD", "GND", "GND", "R", 137.795, 47.244, 0, 0, 180],
		[15, "C19_1", -329.88, -275, "T", "SMD", "+3V3", "", "R", 137.795, 47.244, 0, 0, 180],
		[16, "C19_2", -540.12, -275, "T", "SMD", "GND", "GND", "R", 137.795, 47.244, 0, 0, 180],
		[17, "C29_1", 665, -147.3, "T", "SMD", "GND", "GND", "R", 58.465, 68.031, 0, 0, 270],
		[18, "C29_2", 665, -272.7, "T", "SMD", "VPOW", "", "R", 58.465, 68.031, 0, 0, 270],
		[19, "C31_1", -292.085, 304.6815, "T", "SMD", "GND", "GND", "R", 55.512, 53.15, 0, 0, 180],
		[20, "C31_2", -370.825, 304.6815, "T", "SMD", "$1N6476", "", "R", 55.512, 53.15, 0, 0, 180],
		[21, "C35_1", -555, -79.37, "T", "SMD", "GND", "GND", "R", 55.512, 53.15, 0, 0, 90],
		[22, "C35_2", -555, -0.63, "T", "SMD", "+VM2", "", "R", 55.512, 53.15, 0, 0, 90],
		[23, "C38_1", -650, 256.46, "T", "SMD", "VM2-", "", "R", 31.106, 21.26, 0, 0, 270],
		[24, "C38_2", -650, 213.54, "T", "SMD", "VM2+", "", "R", 31.106, 21.26, 0, 0, 270],
		[25, "C39_1", -350.63, 550, "T", "SMD", "GND", "GND", "R", 55.512, 53.15, 0, 0, 180],
		[26, "C39_2", -429.37, 550, "T", "SMD", "VPOW", "", "R", 55.512, 53.15, 0, 0, 180],
		[27, "C40_1", 350.63, 550, "T", "SMD", "GND", "GND", "R", 55.512, 53.15, 0, 0, 0],
		[28, "C40_2", 429.37, 550, "T", "SMD", "VPOW", "", "R", 55.512, 53.15, 0, 0, 0],
		[29, "C41_1", 552.915, 304.6815, "T", "SMD", "GND", "GND", "R", 55.512, 53.15, 0, 0, 180],
		[30, "C41_2", 474.175, 304.6815, "T", "SMD", "$1N7011", "", "R", 55.512, 53.15, 0, 0, 180],
		[31, "C42_1", 555, -79.37, "T", "SMD", "GND", "GND", "R", 55.512, 53.15, 0, 0, 90],
		[32, "C42_2", 555, -0.63, "T", "SMD", "+VM1", "", "R", 55.512, 53.15, 0, 0, 90],
		[33, "C43_1", 650, 256.46, "T", "SMD", "VM1-", "", "R", 31.106, 21.26, 0, 0, 270],
		[34, "C43_2", 650, 213.54, "T", "SMD", "VM1+", "", "R", 31.106, 21.26, 0, 0, 270],
		[35, "C44_1", 610, -378.54, "T", "SMD", "VB-", "", "R", 31.106, 21.26, 0, 0, 270],
		[36, "C44_2", 610, -421.46, "T", "SMD", "VB+", "", "R", 31.106, 21.26, 0, 0, 270],
		[37, "C45_1", -510.9, -485.56, "T", "SMD", "$1N20656", "", "R", 31.106, 21.26, 0, 0, 90],
		[38, "C45_2", -510.9, -442.64, "T", "SMD", "GND", "GND", "R", 31.106, 21.26, 0, 0, 90],
		[39, "CN2_1", -125, 150.5906, "T", "DIP", "GND", "GND", "R", 39.37, 39.37, 27.56, 27.56, 0],
		[40, "CN2_1", -125, 150.5906, "B", "DIP", "GND", "GND", "R", 39.37, 39.37, 27.56, 27.56, 0],
		[41, "CN2_2", -75, 150.5906, "T", "DIP", "+3V3", "", "C", 39.37, 39.37, 27.56, 27.56, 0],
		[42, "CN2_2", -75, 150.5906, "B", "DIP", "+3V3", "", "C", 39.37, 39.37, 27.56, 27.56, 0],
		[43, "CN2_3", -25, 150.5906, "T", "DIP", "$1N9613", "", "C", 39.37, 39.37, 27.56, 27.56, 0],
		[44, "CN2_3", -25, 150.5906, "B", "DIP", "$1N9613", "", "C", 39.37, 39.37, 27.56, 27.56, 0],
		[45, "CN2_4", 25, 150.5906, "T", "DIP", "$1N9610", "", "C", 39.37, 39.37, 27.56, 27.56, 0],
		[46, "CN2_4", 25, 150.5906, "B", "DIP", "$1N9610", "", "C", 39.37, 39.37, 27.56, 27.56, 0],
		[47, "CN2_5", 75, 150.5906, "T", "DIP", "M1EB", "", "C", 39.37, 39.37, 27.56, 27.56, 0],
		[48, "CN2_5", 75, 150.5906, "B", "DIP", "M1EB", "", "C", 39.37, 39.37, 27.56, 27.56, 0],
		[49, "CN2_6", 125, 150.5906, "T", "DIP", "M1EA", "", "C", 39.37, 39.37, 27.56, 27.56, 0],
		[50, "CN2_6", 125, 150.5906, "B", "DIP", "M1EA", "", "C", 39.37, 39.37, 27.56, 27.56, 0],
		[51, "CN3_1", 125, -150.5906, "T", "DIP", "GND", "GND", "R", 39.37, 39.37, 27.56, 27.56, 180],
		[52, "CN3_1", 125, -150.5906, "B", "DIP", "GND", "GND", "R", 39.37, 39.37, 27.56, 27.56, 180],
		[53, "CN3_2", 75, -150.5906, "T", "DIP", "+3V3", "", "C", 39.37, 39.37, 27.56, 27.56, 180],
		[54, "CN3_2", 75, -150.5906, "B", "DIP", "+3V3", "", "C", 39.37, 39.37, 27.56, 27.56, 180],
		[55, "CN3_3", 25, -150.5906, "T", "DIP", "$1N9730", "", "C", 39.37, 39.37, 27.56, 27.56, 180],
		[56, "CN3_3", 25, -150.5906, "B", "DIP", "$1N9730", "", "C", 39.37, 39.37, 27.56, 27.56, 180],
		[57, "CN3_4", -25, -150.5906, "T", "DIP", "$1N9728", "", "C", 39.37, 39.37, 27.56, 27.56, 180],
		[58, "CN3_4", -25, -150.5906, "B", "DIP", "$1N9728", "", "C", 39.37, 39.37, 27.56, 27.56, 180],
		[59, "CN3_5", -75, -150.5906, "T", "DIP", "M2EB", "", "C", 39.37, 39.37, 27.56, 27.56, 180],
		[60, "CN3_5", -75, -150.5906, "B", "DIP", "M2EB", "", "C", 39.37, 39.37, 27.56, 27.56, 180],
		[61, "CN3_6", -125, -150.5906, "T", "DIP", "M2EA", "", "C", 39.37, 39.37, 27.56, 27.56, 180],
		[62, "CN3_6", -125, -150.5906, "B", "DIP", "M2EA", "", "C", 39.37, 39.37, 27.56, 27.56, 180],
		[63, "D4_1", -580.025, 204.6815, "T", "SMD", "$1N6475", "", "R", 81.201, 60.591, 0, 0, 180],
		[64, "D4_2", -382.885, 204.6815, "T", "SMD", "$1N6476", "", "R", 81.201, 60.591, 0, 0, 180],
		[65, "D5_1", 289.975, 204.6815, "T", "SMD", "$1N7010", "", "R", 81.201, 60.591, 0, 0, 180],
		[66, "D5_2", 487.115, 204.6815, "T", "SMD", "$1N7011", "", "R", 81.201, 60.591, 0, 0, 180],
		[67, "D6_1", -280.8, -351.635, "T", "SMD", "$1N20656", "", "R", 39.37, 29.528, 0, 0, 270],
		[68, "D6_2", -280.8, -443.965, "T", "SMD", "BAT", "", "R", 39.37, 29.528, 0, 0, 270],
		[69, "H3_1", -75, 690, "T", "DIP", "VPOW", "", "R", 39.37, 39.37, 23.622, 23.622, 0],
		[70, "H3_1", -75, 690, "B", "DIP", "VPOW", "", "R", 39.37, 39.37, 23.622, 23.622, 0],
		[71, "H3_2", -25, 690, "T", "DIP", "D+", "", "C", 39.37, 39.37, 23.622, 23.622, 0],
		[72, "H3_2", -25, 690, "B", "DIP", "D+", "", "C", 39.37, 39.37, 23.622, 23.622, 0],
		[73, "H3_3", 25, 690, "T", "DIP", "D-", "", "C", 39.37, 39.37, 23.622, 23.622, 0],
		[74, "H3_3", 25, 690, "B", "DIP", "D-", "", "C", 39.37, 39.37, 23.622, 23.622, 0],
		[75, "H3_4", 75, 690, "T", "DIP", "GND", "GND", "C", 39.37, 39.37, 23.622, 23.622, 0],
		[76, "H3_4", 75, 690, "B", "DIP", "GND", "GND", "C", 39.37, 39.37, 23.622, 23.622, 0],
		[77, "L2_1", -506.455, 460.5475, "T", "SMD", "VPOW", "", "R", 74.803, 145.669, 0, 0, 270],
		[78, "L2_2", -506.455, 318.8155, "T", "SMD", "$1N6475", "", "R", 74.803, 145.669, 0, 0, 270],
		[79, "L3_1", 338.545, 460.5475, "T", "SMD", "VPOW", "", "R", 74.803, 145.669, 0, 0, 270],
		[80, "L3_2", 338.545, 318.8155, "T", "SMD", "$1N7010", "", "R", 74.803, 145.669, 0, 0, 270],
		[81, "Q1_1", 462.402, -494.724, "T", "SMD", "$1N5624", "", "R", 39.37, 31.496, 0, 0, 270],
		[82, "Q1_2", 387.598, -494.724, "T", "SMD", "VPOW", "", "R", 39.37, 31.496, 0, 0, 270],
		[83, "Q1_3", 424.998, -585.276, "T", "SMD", "VCC", "", "R", 39.37, 31.496, 0, 0, 270],
		[84, "R12_1", -286.1098, -535.2113, "T", "SMD", "$1N5624", "", "R", 22.27, 21.26, 0, 0, 180],
		[85, "R12_2", -320.1898, -535.2113, "T", "SMD", "BAT", "", "R", 22.27, 21.26, 0, 0, 180],
		[86, "R15_1", -320.1898, -487.9672, "T", "SMD", "$1N20702", "", "R", 22.27, 21.26, 0, 0, 0],
		[87, "R15_2", -286.1098, -487.9672, "T", "SMD", "$1N5624", "", "R", 22.27, 21.26, 0, 0, 0],
		[88, "R17_1", -505.63, 95, "T", "SMD", "$1N6476", "", "R", 44.588, 54.213, 0, 0, 180],
		[89, "R17_2", -584.37, 95, "T", "SMD", "+VM2", "", "R", 44.588, 54.213, 0, 0, 180],
		[90, "R21_1", -650, 122.96, "T", "SMD", "$1N6476", "", "R", 22.27, 21.26, 0, 0, 90],
		[91, "R21_2", -650, 157.04, "T", "SMD", "VM2+", "", "R", 22.27, 21.26, 0, 0, 90],
		[92, "R22_1", -700, 122.96, "T", "SMD", "+VM2", "", "R", 22.27, 21.26, 0, 0, 90],
		[93, "R22_2", -700, 157.04, "T", "SMD", "VM2-", "", "R", 22.27, 21.26, 0, 0, 90],
		[94, "R23_1", -312.04, 235, "T", "SMD", "$1N6476", "", "R", 22.27, 21.26, 0, 0, 0],
		[95, "R23_2", -277.96, 235, "T", "SMD", "$1N12478", "", "R", 22.27, 21.26, 0, 0, 0],
		[96, "R24_1", -312.04, 185, "T", "SMD", "GND", "GND", "R", 22.27, 21.26, 0, 0, 0],
		[97, "R24_2", -277.96, 185, "T", "SMD", "$1N12478", "", "R", 22.27, 21.26, 0, 0, 0],
		[98, "R25_1", 557.96, 235, "T", "SMD", "$1N7011", "", "R", 22.27, 21.26, 0, 0, 0],
		[99, "R25_2", 592.04, 235, "T", "SMD", "$1N12591", "", "R", 22.27, 21.26, 0, 0, 0],
		[100, "R26_1", 557.96, 185, "T", "SMD", "GND", "GND", "R", 22.27, 21.26, 0, 0, 0],
		[101, "R26_2", 592.04, 185, "T", "SMD", "$1N12591", "", "R", 22.27, 21.26, 0, 0, 0],
		[102, "R27_1", 505.63, 95, "T", "SMD", "$1N7011", "", "R", 44.588, 54.213, 0, 0, 0],
		[103, "R27_2", 584.37, 95, "T", "SMD", "+VM1", "", "R", 44.588, 54.213, 0, 0, 0],
		[104, "R28_1", 650, 122.96, "T", "SMD", "$1N7011", "", "R", 22.27, 21.26, 0, 0, 90],
		[105, "R28_2", 650, 157.04, "T", "SMD", "VM1+", "", "R", 22.27, 21.26, 0, 0, 90],
		[106, "R29_1", 700, 122.96, "T", "SMD", "+VM1", "", "R", 22.27, 21.26, 0, 0, 90],
		[107, "R29_2", 700, 157.04, "T", "SMD", "VM1-", "", "R", 22.27, 21.26, 0, 0, 90],
		[108, "R30_1", 522.96, -445, "T", "SMD", "VPOW", "", "R", 22.27, 21.26, 0, 0, 0],
		[109, "R30_2", 557.04, -445, "T", "SMD", "VB-", "", "R", 22.27, 21.26, 0, 0, 0],
		[110, "R31_1", 520, -537.04, "T", "SMD", "BAT", "", "R", 22.27, 21.26, 0, 0, 90],
		[111, "R31_2", 520, -502.96, "T", "SMD", "VB+", "", "R", 22.27, 21.26, 0, 0, 90],
		[112, "R32_1", 310, -456.78, "T", "SMD", "VPOW", "", "R", 47.54, 66.969, 0, 0, 270],
		[113, "R32_2", 310, -573.22, "T", "SMD", "BAT", "", "R", 47.54, 66.969, 0, 0, 270],
		[114, "R33_1", -491.4, -110.64, "T", "SMD", "+3V3", "", "R", 22.27, 21.26, 0, 0, 90],
		[115, "R33_2", -491.4, -76.56, "T", "SMD", "GND", "GND", "R", 22.27, 21.26, 0, 0, 90],
		[116, "R34_1", -600.6, -330.06, "T", "SMD", "VCC", "", "R", 22.27, 21.26, 0, 0, 270],
		[117, "R34_2", -600.6, -364.14, "T", "SMD", "GND", "GND", "R", 22.27, 21.26, 0, 0, 270],
		[118, "U1_1", -710.42, -137.6, "T", "SMD", "VCC", "", "R", 19.291, 45.551, 0, 0, 270],
		[119, "U1_2", -710.42, -175, "T", "SMD", "GND", "GND", "R", 19.291, 45.551, 0, 0, 270],
		[120, "U1_3", -710.42, -212.4, "T", "SMD", "VCC", "", "R", 19.291, 45.551, 0, 0, 270],
		[121, "U1_4", -619.58, -212.4, "T", "SMD", "NET_1", "", "R", 19.291, 46.26, 0, 0, 270],
		[122, "U1_5", -619.58, -137.6, "T", "SMD", "+3V3", "", "R", 19.291, 46.26, 0, 0, 270],
		[123, "U4_1", -20.47, 88.5811, "T", "SMD", "+VM1", "", "R", 20.512, 9.843, 0, 0, 270],
		[124, "U4_2", -40.16, 88.5811, "T", "SMD", "$1N9610", "", "R", 20.512, 9.843, 0, 0, 270],
		[125, "U4_3", -59.84, 88.5811, "T", "SMD", "$1N9613", "", "R", 20.512, 9.843, 0, 0, 270],
		[126, "U4_4", -79.53, 88.5811, "T", "SMD", "GND", "GND", "R", 20.512, 9.843, 0, 0, 270],
		[127, "U4_5", -79.53, 13.7811, "T", "SMD", "M1B", "", "R", 20.512, 9.843, 0, 0, 270],
		[128, "U4_6", -59.84, 13.7811, "T", "SMD", "M1A", "", "R", 20.512, 9.843, 0, 0, 270],
		[129, "U4_7", -40.16, 13.7811, "T", "SMD", "+3V3", "", "R", 20.512, 9.843, 0, 0, 270],
		[130, "U4_8", -20.47, 13.7811, "T", "SMD", "+3V3", "", "R", 20.512, 9.843, 0, 0, 270],
		[131, "U4_9", -50, 51.1811, "T", "SMD", "GND", "GND", "R", 35.433, 62.992, 0, 0, 270],
		[132, "U5_1", 20.47, -88.5811, "T", "SMD", "+VM2", "", "R", 20.512, 9.843, 0, 0, 90],
		[133, "U5_2", 40.16, -88.5811, "T", "SMD", "$1N9728", "", "R", 20.512, 9.843, 0, 0, 90],
		[134, "U5_3", 59.84, -88.5811, "T", "SMD", "$1N9730", "", "R", 20.512, 9.843, 0, 0, 90],
		[135, "U5_4", 79.53, -88.5811, "T", "SMD", "GND", "GND", "R", 20.512, 9.843, 0, 0, 90],
		[136, "U5_5", 79.53, -13.7811, "T", "SMD", "M2B", "", "R", 20.512, 9.843, 0, 0, 90],
		[137, "U5_6", 59.84, -13.7811, "T", "SMD", "M2A", "", "R", 20.512, 9.843, 0, 0, 90],
		[138, "U5_7", 40.16, -13.7811, "T", "SMD", "+3V3", "", "R", 20.512, 9.843, 0, 0, 90],
		[139, "U5_8", 20.47, -13.7811, "T", "SMD", "+3V3", "", "R", 20.512, 9.843, 0, 0, 90],
		[140, "U5_9", 50, -51.1811, "T", "SMD", "GND", "GND", "R", 35.433, 62.992, 0, 0, 90],
		[141, "U8_1", -378.855, 369.6015, "T", "SMD", "$1N6475", "", "R", 20.945, 38.976, 0, 0, 0],
		[142, "U8_2", -341.455, 369.6015, "T", "SMD", "GND", "GND", "R", 20.945, 38.976, 0, 0, 0],
		[143, "U8_3", -304.055, 369.6015, "T", "SMD", "$1N12478", "", "R", 20.945, 38.976, 0, 0, 0],
		[144, "U8_4", -304.055, 459.7615, "T", "SMD", "VCC", "", "R", 20.945, 38.976, 0, 0, 0],
		[145, "U8_5", -341.455, 459.7615, "T", "SMD", "VPOW", "", "R", 20.945, 38.976, 0, 0, 0],
		[146, "U8_6", -378.855, 459.7615, "T", "SMD", "NET_2", "", "R", 20.945, 38.976, 0, 0, 0],
		[147, "U9_1", 466.145, 369.6015, "T", "SMD", "$1N7010", "", "R", 20.945, 38.976, 0, 0, 0],
		[148, "U9_2", 503.545, 369.6015, "T", "SMD", "GND", "GND", "R", 20.945, 38.976, 0, 0, 0],
		[149, "U9_3", 540.945, 369.6015, "T", "SMD", "$1N12591", "", "R", 20.945, 38.976, 0, 0, 0],
		[150, "U9_4", 540.945, 459.7615, "T", "SMD", "VCC", "", "R", 20.945, 38.976, 0, 0, 0],
		[151, "U9_5", 503.545, 459.7615, "T", "SMD", "VPOW", "", "R", 20.945, 38.976, 0, 0, 0],
		[152, "U9_6", 466.145, 459.7615, "T", "SMD", "NET_3", "", "R", 20.945, 38.976, 0, 0, 0],
		[153, "U10_1", 225, -77.76, "B", "SMD", "VM1+", "", "R", 29.921, 80.709, 0, 0, 0],
		[154, "U10_2", 225, 77.76, "B", "SMD", "VM1-", "", "R", 29.921, 80.709, 0, 0, 0],
		[155, "U10_3", 175, -77.76, "B", "SMD", "VB+", "", "R", 29.921, 80.709, 0, 0, 0],
		[156, "U10_4", 175, 77.76, "B", "SMD", "VB-", "", "R", 29.921, 80.709, 0, 0, 0],
		[157, "U10_5", 125, -77.76, "B", "SMD", "M2B", "", "R", 29.921, 80.709, 0, 0, 0],
		[158, "U10_6", 125, 77.76, "B", "SMD", "M1EA", "", "R", 29.921, 80.709, 0, 0, 0],
		[159, "U10_7", 75, -77.76, "B", "SMD", "M2A", "", "R", 29.921, 80.709, 0, 0, 0],
		[160, "U10_8", 75, 77.76, "B", "SMD", "M1EB", "", "R", 29.921, 80.709, 0, 0, 0],
		[161, "U10_9", 25, -77.76, "B", "SMD", "D-", "", "R", 29.921, 80.709, 0, 0, 0],
		[162, "U10_10", 25, 77.76, "B", "SMD", "+3V3", "", "R", 29.921, 80.709, 0, 0, 0],
		[163, "U10_11", -25, -77.76, "B", "SMD", "D+", "", "R", 29.921, 80.709, 0, 0, 0],
		[164, "U10_12", -25, 77.76, "B", "SMD", "GND", "GND", "R", 29.921, 80.709, 0, 0, 0],
		[165, "U10_13", -75, -77.76, "B", "SMD", "M2EB", "", "R", 29.921, 80.709, 0, 0, 0],
		[166, "U10_14", -75, 77.76, "B", "SMD", "M1A", "", "R", 29.921, 80.709, 0, 0, 0],
		[167, "U10_15", -125, -77.76, "B", "SMD", "M2EA", "", "R", 29.921, 80.709, 0, 0, 0],
		[168, "U10_16", -125, 77.76, "B", "SMD", "M1B", "", "R", 29.921, 80.709, 0, 0, 0],
		[169, "U10_17", -175, -77.76, "B", "SMD", "GND", "GND", "R", 29.921, 80.709, 0, 0, 0],
		[170, "U10_18", -175, 77.76, "B", "SMD", "GND", "GND", "R", 29.921, 80.709, 0, 0, 0],
		[171, "U10_19", -225, -77.76, "B", "SMD", "VM2+", "", "R", 29.921, 80.709, 0, 0, 0],
		[172, "U10_20", -225, 77.76, "B", "SMD", "VM2-", "", "R", 29.921, 80.709, 0, 0, 0],
		[173, "U13_1", -372.0831, -517.7152, "T", "SMD", "NET_4", "", "R", 20.945, 42.205, 0, 0, 90],
		[174, "U13_2", -372.0831, -480.3152, "T", "SMD", "GND", "GND", "R", 20.945, 42.205, 0, 0, 90],
		[175, "U13_3", -372.0831, -442.9152, "T", "SMD", "$1N20702", "", "R", 20.945, 42.205, 0, 0, 90],
		[176, "U13_4", -462.5631, -442.9152, "T", "SMD", "BTN", "", "R", 20.945, 42.205, 0, 0, 90],
		[177, "U13_5", -462.5631, -480.3152, "T", "SMD", "$1N20656", "", "R", 20.945, 42.205, 0, 0, 90],
		[178, "U13_6", -462.5631, -517.7152, "T", "SMD", "GND", "GND", "R", 20.945, 42.205, 0, 0, 90],
		[179, "PAD1_18", -135, -635, "T", "SMD", "GND", "GND", "O", 100, 50, 0, 0, 0],
		[180, "PAD2_18", 135, -635, "T", "SMD", "BAT", "", "O", 100, 50, 0, 0, 0],
		[181, "PAD3_18", 0, -635, "T", "SMD", "BTN", "", "O", 100, 50, 0, 0, 0],
		[182, "PAD4_1", -710.42, -137.6, "T", "SMD", "VCC", "", "R", 19.291, 45.551, 0, 0, 270],
		[183, "PAD5_2", -710.42, -175, "T", "SMD", "GND", "GND", "R", 19.291, 45.551, 0, 0, 270],
		[184, "PAD6_3", -710.42, -212.4, "T", "SMD", "VCC", "", "R", 19.291, 45.551, 0, 0, 270],
		[185, "PAD7_5", -619.58, -137.6, "T", "SMD", "+3V3", "", "R", 19.291, 46.26, 0, 0, 270],
		[186, "PAD8_1", -20.47, 88.5811, "T", "SMD", "+VM1", "", "R", 20.512, 9.843, 0, 0, 270],
		[187, "PAD9_2", -40.16, 88.5811, "T", "SMD", "$1N9610", "", "R", 20.512, 9.843, 0, 0, 270],
		[188, "PAD10_3", -59.84, 88.5811, "T", "SMD", "$1N9613", "", "R", 20.512, 9.843, 0, 0, 270],
		[189, "PAD11_4", -79.53, 88.5811, "T", "SMD", "GND", "GND", "R", 20.512, 9.843, 0, 0, 270],
		[190, "PAD12_5", -79.53, 13.7811, "T", "SMD", "M1B", "", "R", 20.512, 9.843, 0, 0, 270],
		[191, "PAD13_6", -59.84, 13.7811, "T", "SMD", "M1A", "", "R", 20.512, 9.843, 0, 0, 270],
		[192, "PAD14_7", -40.16, 13.7811, "T", "SMD", "+3V3", "", "R", 20.512, 9.843, 0, 0, 270],
		[193, "PAD15_8", -20.47, 13.7811, "T", "SMD", "+3V3", "", "R", 20.512, 9.843, 0, 0, 270],
		[194, "PAD16_9", -50, 51.1811, "T", "SMD", "GND", "GND", "R", 35.433, 62.992, 0, 0, 270],
		[195, "PAD17_1", 20.47, -88.5811, "T", "SMD", "+VM2", "", "R", 20.512, 9.843, 0, 0, 90],
		[196, "PAD18_2", 40.16, -88.5811, "T", "SMD", "$1N9728", "", "R", 20.512, 9.843, 0, 0, 90],
		[197, "PAD19_3", 59.84, -88.5811, "T", "SMD", "$1N9730", "", "R", 20.512, 9.843, 0, 0, 90],
		[198, "PAD20_4", 79.53, -88.5811, "T", "SMD", "GND", "GND", "R", 20.512, 9.843, 0, 0, 90],
		[199, "PAD21_5", 79.53, -13.7811, "T", "SMD", "M2B", "", "R", 20.512, 9.843, 0, 0, 90],
		[200, "PAD22_6", 59.84, -13.7811, "T", "SMD", "M2A", "", "R", 20.512, 9.843, 0, 0, 90],
		[201, "PAD23_7", 40.16, -13.7811, "T", "SMD", "+3V3", "", "R", 20.512, 9.843, 0, 0, 90],
		[202, "PAD24_8", 20.47, -13.7811, "T", "SMD", "+3V3", "", "R", 20.512, 9.843, 0, 0, 90],
		[203, "PAD25_9", 50, -51.1811, "T", "SMD", "GND", "GND", "R", 35.433, 62.992, 0, 0, 90],
		[204, "PAD26_2", -650, -336.46, "T", "SMD", "GND", "GND", "R", 31.106, 21.26, 0, 0, 270],
		[205, "PAD27_1", -650, -293.54, "T", "SMD", "VCC", "", "R", 31.106, 21.26, 0, 0, 270],
		[206, "PAD28_2", -286.66, -159.9, "T", "SMD", "GND", "GND", "R", 31.106, 21.26, 0, 0, 180],
		[207, "PAD29_1", -243.74, -159.9, "T", "SMD", "+3V3", "", "R", 31.106, 21.26, 0, 0, 180],
		[208, "PAD30_2", 71.46, 30, "T", "SMD", "GND", "GND", "R", 31.106, 21.26, 0, 0, 0],
		[209, "PAD31_1", 28.54, 30, "T", "SMD", "+3V3", "", "R", 31.106, 21.26, 0, 0, 0],
		[210, "PAD32_2", -71.46, -30, "T", "SMD", "GND", "GND", "R", 31.106, 21.26, 0, 0, 180],
		[211, "PAD33_1", -28.54, -30, "T", "SMD", "+3V3", "", "R", 31.106, 21.26, 0, 0, 180],
		[212, "PAD34_1", 329.88, -275, "T", "SMD", "VPOW", "", "R", 137.795, 47.244, 0, 0, 0],
		[213, "PAD35_2", 540.12, -275, "T", "SMD", "GND", "GND", "R", 137.795, 47.244, 0, 0, 0],
		[214, "PAD36_1", 224.88, 0, "T", "SMD", "+VM1", "", "R", 137.795, 47.244, 0, 0, 0],
		[215, "PAD37_2", 435.12, 0, "T", "SMD", "GND", "GND", "R", 137.795, 47.244, 0, 0, 0],
		[216, "PAD38_1", -224.88, 0, "T", "SMD", "+VM2", "", "R", 137.795, 47.244, 0, 0, 180],
		[217, "PAD39_2", -435.12, 0, "T", "SMD", "GND", "GND", "R", 137.795, 47.244, 0, 0, 180],
		[218, "PAD40_1", -329.88, -275, "T", "SMD", "+3V3", "", "R", 137.795, 47.244, 0, 0, 180],
		[219, "PAD41_2", -540.12, -275, "T", "SMD", "GND", "GND", "R", 137.795, 47.244, 0, 0, 180],
		[220, "PAD42_2", 665, -272.7, "T", "SMD", "VPOW", "", "R", 58.465, 68.031, 0, 0, 270],
		[221, "PAD43_1", 665, -147.3, "T", "SMD", "GND", "GND", "R", 58.465, 68.031, 0, 0, 270],
		[222, "PAD44_2", 387.598, -494.724, "T", "SMD", "VPOW", "", "R", 39.37, 31.496, 0, 0, 270],
		[223, "PAD45_3", 424.998, -585.276, "T", "SMD", "VCC", "", "R", 39.37, 31.496, 0, 0, 270],
		[224, "PAD46_1", 462.402, -494.724, "T", "SMD", "$1N5624", "", "R", 39.37, 31.496, 0, 0, 270],
		[225, "PAD47_2", -429.37, 550, "T", "SMD", "VPOW", "", "R", 55.512, 53.15, 0, 0, 180],
		[226, "PAD48_1", -350.63, 550, "T", "SMD", "GND", "GND", "R", 55.512, 53.15, 0, 0, 180],
		[227, "PAD49_2", -277.96, 235, "T", "SMD", "$1N12478", "", "R", 22.27, 21.26, 0, 0, 0],
		[228, "PAD50_1", -312.04, 235, "T", "SMD", "$1N6476", "", "R", 22.27, 21.26, 0, 0, 0],
		[229, "PAD51_2", -277.96, 185, "T", "SMD", "$1N12478", "", "R", 22.27, 21.26, 0, 0, 0],
		[230, "PAD52_1", -312.04, 185, "T", "SMD", "GND", "GND", "R", 22.27, 21.26, 0, 0, 0],
		[231, "PAD53_2", -584.37, 95, "T", "SMD", "+VM2", "", "R", 44.588, 54.213, 0, 0, 180],
		[232, "PAD54_1", -505.63, 95, "T", "SMD", "$1N6476", "", "R", 44.588, 54.213, 0, 0, 180],
		[233, "PAD55_2", -370.825, 304.6815, "T", "SMD", "$1N6476", "", "R", 55.512, 53.15, 0, 0, 180],
		[234, "PAD56_1", -292.085, 304.6815, "T", "SMD", "GND", "GND", "R", 55.512, 53.15, 0, 0, 180],
		[235, "PAD57_2", -555, -0.63, "T", "SMD", "+VM2", "", "R", 55.512, 53.15, 0, 0, 90],
		[236, "PAD58_1", -555, -79.37, "T", "SMD", "GND", "GND", "R", 55.512, 53.15, 0, 0, 90],
		[237, "PAD59_2", -650, 213.54, "T", "SMD", "VM2+", "", "R", 31.106, 21.26, 0, 0, 270],
		[238, "PAD60_1", -650, 256.46, "T", "SMD", "VM2-", "", "R", 31.106, 21.26, 0, 0, 270],
		[239, "PAD61_2", 429.37, 550, "T", "SMD", "VPOW", "", "R", 55.512, 53.15, 0, 0, 0],
		[240, "PAD62_1", 350.63, 550, "T", "SMD", "GND", "GND", "R", 55.512, 53.15, 0, 0, 0],
		[241, "PAD63_2", 592.04, 235, "T", "SMD", "$1N12591", "", "R", 22.27, 21.26, 0, 0, 0],
		[242, "PAD64_1", 557.96, 235, "T", "SMD", "$1N7011", "", "R", 22.27, 21.26, 0, 0, 0],
		[243, "PAD65_2", 592.04, 185, "T", "SMD", "$1N12591", "", "R", 22.27, 21.26, 0, 0, 0],
		[244, "PAD66_1", 557.96, 185, "T", "SMD", "GND", "GND", "R", 22.27, 21.26, 0, 0, 0],
		[245, "PAD67_2", 584.37, 95, "T", "SMD", "+VM1", "", "R", 44.588, 54.213, 0, 0, 0],
		[246, "PAD68_1", 505.63, 95, "T", "SMD", "$1N7011", "", "R", 44.588, 54.213, 0, 0, 0],
		[247, "PAD69_2", 474.175, 304.6815, "T", "SMD", "$1N7011", "", "R", 55.512, 53.15, 0, 0, 180],
		[248, "PAD70_1", 552.915, 304.6815, "T", "SMD", "GND", "GND", "R", 55.512, 53.15, 0, 0, 180],
		[249, "PAD71_2", 555, -0.63, "T", "SMD", "+VM1", "", "R", 55.512, 53.15, 0, 0, 90],
		[250, "PAD72_1", 555, -79.37, "T", "SMD", "GND", "GND", "R", 55.512, 53.15, 0, 0, 90],
		[251, "PAD73_2", 650, 213.54, "T", "SMD", "VM1+", "", "R", 31.106, 21.26, 0, 0, 270],
		[252, "PAD74_1", 650, 256.46, "T", "SMD", "VM1-", "", "R", 31.106, 21.26, 0, 0, 270],
		[253, "PAD75_1", -75, 690, "T", "DIP", "VPOW", "", "R", 39.37, 39.37, 23.622, 23.622, 0],
		[254, "PAD75_1", -75, 690, "B", "DIP", "VPOW", "", "R", 39.37, 39.37, 23.622, 23.622, 0],
		[255, "PAD76_2", -25, 690, "T", "DIP", "D+", "", "C", 39.37, 39.37, 23.622, 23.622, 0],
		[256, "PAD76_2", -25, 690, "B", "DIP", "D+", "", "C", 39.37, 39.37, 23.622, 23.622, 0],
		[257, "PAD77_3", 25, 690, "T", "DIP", "D-", "", "C", 39.37, 39.37, 23.622, 23.622, 0],
		[258, "PAD77_3", 25, 690, "B", "DIP", "D-", "", "C", 39.37, 39.37, 23.622, 23.622, 0],
		[259, "PAD78_4", 75, 690, "T", "DIP", "GND", "GND", "C", 39.37, 39.37, 23.622, 23.622, 0],
		[260, "PAD78_4", 75, 690, "B", "DIP", "GND", "GND", "C", 39.37, 39.37, 23.622, 23.622, 0],
		[261, "PAD79_2", 610, -421.46, "T", "SMD", "VB+", "", "R", 31.106, 21.26, 0, 0, 270],
		[262, "PAD80_1", 610, -378.54, "T", "SMD", "VB-", "", "R", 31.106, 21.26, 0, 0, 270],
		[263, "PAD81_2", 310, -573.22, "T", "SMD", "BAT", "", "R", 47.54, 66.969, 0, 0, 270],
		[264, "PAD82_1", 310, -456.78, "T", "SMD", "VPOW", "", "R", 47.54, 66.969, 0, 0, 270],
		[265, "PAD83_4", 25, 150.5906, "T", "DIP", "$1N9610", "", "C", 39.37, 39.37, 27.56, 27.56, 0],
		[266, "PAD83_4", 25, 150.5906, "B", "DIP", "$1N9610", "", "C", 39.37, 39.37, 27.56, 27.56, 0],
		[267, "PAD84_1", -125, 150.5906, "T", "DIP", "GND", "GND", "R", 39.37, 39.37, 27.56, 27.56, 0],
		[268, "PAD84_1", -125, 150.5906, "B", "DIP", "GND", "GND", "R", 39.37, 39.37, 27.56, 27.56, 0],
		[269, "PAD85_2", -75, 150.5906, "T", "DIP", "+3V3", "", "C", 39.37, 39.37, 27.56, 27.56, 0],
		[270, "PAD85_2", -75, 150.5906, "B", "DIP", "+3V3", "", "C", 39.37, 39.37, 27.56, 27.56, 0],
		[271, "PAD86_3", -25, 150.5906, "T", "DIP", "$1N9613", "", "C", 39.37, 39.37, 27.56, 27.56, 0],
		[272, "PAD86_3", -25, 150.5906, "B", "DIP", "$1N9613", "", "C", 39.37, 39.37, 27.56, 27.56, 0],
		[273, "PAD87_5", 75, 150.5906, "T", "DIP", "M1EB", "", "C", 39.37, 39.37, 27.56, 27.56, 0],
		[274, "PAD87_5", 75, 150.5906, "B", "DIP", "M1EB", "", "C", 39.37, 39.37, 27.56, 27.56, 0],
		[275, "PAD88_6", 125, 150.5906, "T", "DIP", "M1EA", "", "C", 39.37, 39.37, 27.56, 27.56, 0],
		[276, "PAD88_6", 125, 150.5906, "B", "DIP", "M1EA", "", "C", 39.37, 39.37, 27.56, 27.56, 0],
		[277, "PAD89_4", -25, -150.5906, "T", "DIP", "$1N9728", "", "C", 39.37, 39.37, 27.56, 27.56, 180],
		[278, "PAD89_4", -25, -150.5906, "B", "DIP", "$1N9728", "", "C", 39.37, 39.37, 27.56, 27.56, 180],
		[279, "PAD90_1", 125, -150.5906, "T", "DIP", "GND", "GND", "R", 39.37, 39.37, 27.56, 27.56, 180],
		[280, "PAD90_1", 125, -150.5906, "B", "DIP", "GND", "GND", "R", 39.37, 39.37, 27.56, 27.56, 180],
		[281, "PAD91_2", 75, -150.5906, "T", "DIP", "+3V3", "", "C", 39.37, 39.37, 27.56, 27.56, 180],
		[282, "PAD91_2", 75, -150.5906, "B", "DIP", "+3V3", "", "C", 39.37, 39.37, 27.56, 27.56, 180],
		[283, "PAD92_3", 25, -150.5906, "T", "DIP", "$1N9730", "", "C", 39.37, 39.37, 27.56, 27.56, 180],
		[284, "PAD92_3", 25, -150.5906, "B", "DIP", "$1N9730", "", "C", 39.37, 39.37, 27.56, 27.56, 180],
		[285, "PAD93_5", -75, -150.5906, "T", "DIP", "M2EB", "", "C", 39.37, 39.37, 27.56, 27.56, 180],
		[286, "PAD93_5", -75, -150.5906, "B", "DIP", "M2EB", "", "C", 39.37, 39.37, 27.56, 27.56, 180],
		[287, "PAD94_6", -125, -150.5906, "T", "DIP", "M2EA", "", "C", 39.37, 39.37, 27.56, 27.56, 180],
		[288, "PAD94_6", -125, -150.5906, "B", "DIP", "M2EA", "", "C", 39.37, 39.37, 27.56, 27.56, 180],
		[289, "PAD95_20", -225, 77.76, "B", "SMD", "VM2-", "", "R", 29.921, 80.709, 0, 0, 0],
		[290, "PAD96_19", -225, -77.76, "B", "SMD", "VM2+", "", "R", 29.921, 80.709, 0, 0, 0],
		[291, "PAD97_18", -175, 77.76, "B", "SMD", "GND", "GND", "R", 29.921, 80.709, 0, 0, 0],
		[292, "PAD98_17", -175, -77.76, "B", "SMD", "GND", "GND", "R", 29.921, 80.709, 0, 0, 0],
		[293, "PAD99_16", -125, 77.76, "B", "SMD", "M1B", "", "R", 29.921, 80.709, 0, 0, 0],
		[294, "PAD100_15", -125, -77.76, "B", "SMD", "M2EA", "", "R", 29.921, 80.709, 0, 0, 0],
		[295, "PAD101_14", -75, 77.76, "B", "SMD", "M1A", "", "R", 29.921, 80.709, 0, 0, 0],
		[296, "PAD102_13", -75, -77.76, "B", "SMD", "M2EB", "", "R", 29.921, 80.709, 0, 0, 0],
		[297, "PAD103_12", -25, 77.76, "B", "SMD", "GND", "GND", "R", 29.921, 80.709, 0, 0, 0],
		[298, "PAD104_11", -25, -77.76, "B", "SMD", "D+", "", "R", 29.921, 80.709, 0, 0, 0],
		[299, "PAD105_10", 25, 77.76, "B", "SMD", "+3V3", "", "R", 29.921, 80.709, 0, 0, 0],
		[300, "PAD106_9", 25, -77.76, "B", "SMD", "D-", "", "R", 29.921, 80.709, 0, 0, 0],
		[301, "PAD107_8", 75, 77.76, "B", "SMD", "M1EB", "", "R", 29.921, 80.709, 0, 0, 0],
		[302, "PAD108_7", 75, -77.76, "B", "SMD", "M2A", "", "R", 29.921, 80.709, 0, 0, 0],
		[303, "PAD109_6", 125, 77.76, "B", "SMD", "M1EA", "", "R", 29.921, 80.709, 0, 0, 0],
		[304, "PAD110_5", 125, -77.76, "B", "SMD", "M2B", "", "R", 29.921, 80.709, 0, 0, 0],
		[305, "PAD111_4", 175, 77.76, "B", "SMD", "VB-", "", "R", 29.921, 80.709, 0, 0, 0],
		[306, "PAD112_3", 175, -77.76, "B", "SMD", "VB+", "", "R", 29.921, 80.709, 0, 0, 0],
		[307, "PAD113_2", 225, 77.76, "B", "SMD", "VM1-", "", "R", 29.921, 80.709, 0, 0, 0],
		[308, "PAD114_1", 225, -77.76, "B", "SMD", "VM1+", "", "R", 29.921, 80.709, 0, 0, 0],
		[309, "PAD115_1", -378.855, 369.6015, "T", "SMD", "$1N6475", "", "R", 20.945, 38.976, 0, 0, 0],
		[310, "PAD116_2", -341.455, 369.6015, "T", "SMD", "GND", "GND", "R", 20.945, 38.976, 0, 0, 0],
		[311, "PAD117_3", -304.055, 369.6015, "T", "SMD", "$1N12478", "", "R", 20.945, 38.976, 0, 0, 0],
		[312, "PAD118_4", -304.055, 459.7615, "T", "SMD", "VCC", "", "R", 20.945, 38.976, 0, 0, 0],
		[313, "PAD119_5", -341.455, 459.7615, "T", "SMD", "VPOW", "", "R", 20.945, 38.976, 0, 0, 0],
		[314, "PAD120_1", 466.145, 369.6015, "T", "SMD", "$1N7010", "", "R", 20.945, 38.976, 0, 0, 0],
		[315, "PAD121_2", 503.545, 369.6015, "T", "SMD", "GND", "GND", "R", 20.945, 38.976, 0, 0, 0],
		[316, "PAD122_3", 540.945, 369.6015, "T", "SMD", "$1N12591", "", "R", 20.945, 38.976, 0, 0, 0],
		[317, "PAD123_4", 540.945, 459.7615, "T", "SMD", "VCC", "", "R", 20.945, 38.976, 0, 0, 0],
		[318, "PAD124_5", 503.545, 459.7615, "T", "SMD", "VPOW", "", "R", 20.945, 38.976, 0, 0, 0],
		[319, "PAD125_2", -491.4, -76.56, "T", "SMD", "GND", "GND", "R", 22.27, 21.26, 0, 0, 90],
		[320, "PAD126_1", -491.4, -110.64, "T", "SMD", "+3V3", "", "R", 22.27, 21.26, 0, 0, 90],
		[321, "PAD127_2", -600.6, -364.14, "T", "SMD", "GND", "GND", "R", 22.27, 21.26, 0, 0, 270],
		[322, "PAD128_1", -600.6, -330.06, "T", "SMD", "VCC", "", "R", 22.27, 21.26, 0, 0, 270],
		[323, "PAD129_1", -580.025, 204.6815, "T", "SMD", "$1N6475", "", "R", 81.201, 60.591, 0, 0, 180],
		[324, "PAD130_2", -382.885, 204.6815, "T", "SMD", "$1N6476", "", "R", 81.201, 60.591, 0, 0, 180],
		[325, "PAD131_1", 289.975, 204.6815, "T", "SMD", "$1N7010", "", "R", 81.201, 60.591, 0, 0, 180],
		[326, "PAD132_2", 487.115, 204.6815, "T", "SMD", "$1N7011", "", "R", 81.201, 60.591, 0, 0, 180],
		[327, "PAD133_2", -650, 157.04, "T", "SMD", "VM2+", "", "R", 22.27, 21.26, 0, 0, 90],
		[328, "PAD134_1", -650, 122.96, "T", "SMD", "$1N6476", "", "R", 22.27, 21.26, 0, 0, 90],
		[329, "PAD135_2", -700, 157.04, "T", "SMD", "VM2-", "", "R", 22.27, 21.26, 0, 0, 90],
		[330, "PAD136_1", -700, 122.96, "T", "SMD", "+VM2", "", "R", 22.27, 21.26, 0, 0, 90],
		[331, "PAD137_2", 650, 157.04, "T", "SMD", "VM1+", "", "R", 22.27, 21.26, 0, 0, 90],
		[332, "PAD138_1", 650, 122.96, "T", "SMD", "$1N7011", "", "R", 22.27, 21.26, 0, 0, 90],
		[333, "PAD139_2", 700, 157.04, "T", "SMD", "VM1-", "", "R", 22.27, 21.26, 0, 0, 90],
		[334, "PAD140_1", 700, 122.96, "T", "SMD", "+VM1", "", "R", 22.27, 21.26, 0, 0, 90],
		[335, "PAD141_2", 557.04, -445, "T", "SMD", "VB-", "", "R", 22.27, 21.26, 0, 0, 0],
		[336, "PAD142_1", 522.96, -445, "T", "SMD", "VPOW", "", "R", 22.27, 21.26, 0, 0, 0],
		[337, "PAD143_2", 520, -502.96, "T", "SMD", "VB+", "", "R", 22.27, 21.26, 0, 0, 90],
		[338, "PAD144_1", 520, -537.04, "T", "SMD", "BAT", "", "R", 22.27, 21.26, 0, 0, 90],
		[339, "PAD145_1", -506.455, 460.5475, "T", "SMD", "VPOW", "", "R", 74.803, 145.669, 0, 0, 270],
		[340, "PAD146_2", -506.455, 318.8155, "T", "SMD", "$1N6475", "", "R", 74.803, 145.669, 0, 0, 270],
		[341, "PAD147_1", 338.545, 460.5475, "T", "SMD", "VPOW", "", "R", 74.803, 145.669, 0, 0, 270],
		[342, "PAD148_2", 338.545, 318.8155, "T", "SMD", "$1N7010", "", "R", 74.803, 145.669, 0, 0, 270],
		[343, "PAD149_2", -280.8, -443.965, "T", "SMD", "BAT", "", "R", 39.37, 29.528, 0, 0, 270],
		[344, "PAD150_1", -280.8, -351.635, "T", "SMD", "$1N20656", "", "R", 39.37, 29.528, 0, 0, 270],
		[345, "PAD151_2", -320.1898, -535.2113, "T", "SMD", "BAT", "", "R", 22.27, 21.26, 0, 0, 180],
		[346, "PAD152_1", -286.1098, -535.2113, "T", "SMD", "$1N5624", "", "R", 22.27, 21.26, 0, 0, 180],
		[347, "PAD153_2", -286.1098, -487.9672, "T", "SMD", "$1N5624", "", "R", 22.27, 21.26, 0, 0, 0],
		[348, "PAD154_1", -320.1898, -487.9672, "T", "SMD", "$1N20702", "", "R", 22.27, 21.26, 0, 0, 0],
		[349, "PAD155_2", -372.0831, -480.3152, "T", "SMD", "GND", "GND", "R", 20.945, 42.205, 0, 0, 90],
		[350, "PAD156_3", -372.0831, -442.9152, "T", "SMD", "$1N20702", "", "R", 20.945, 42.205, 0, 0, 90],
		[351, "PAD157_4", -462.5631, -442.9152, "T", "SMD", "BTN", "", "R", 20.945, 42.205, 0, 0, 90],
		[352, "PAD158_5", -462.5631, -480.3152, "T", "SMD", "$1N20656", "", "R", 20.945, 42.205, 0, 0, 90],
		[353, "PAD159_6", -462.5631, -517.7152, "T", "SMD", "GND", "GND", "R", 20.945, 42.205, 0, 0, 90],
		[354, "PAD160_2", -510.9, -442.64, "T", "SMD", "GND", "GND", "R", 31.106, 21.26, 0, 0, 90],
		[355, "PAD161_1", -510.9, -485.56, "T", "SMD", "$1N20656", "", "R", 31.106, 21.26, 0, 0, 90]
	]
}
}